{"width":800,"height":800,"fonts":[],"pages":[{"id":"ZU1SyESNYG","children":[{"id":"RfoC1ljAnl","type":"image","name":"","x":0,"y":0,"rotation":0,"opacity":1,"blurEnabled":false,"blurRadius":10,"brightnessEnabled":false,"brightness":0,"sepiaEnabled":false,"grayscaleEnabled":false,"shadowEnabled":false,"shadowBlur":5,"shadowOffsetX":0,"shadowOffsetY":0,"shadowColor":"black","shadowOpacity":1,"visible":true,"draggable":true,"selectable":true,"contentEditable":true,"styleEditable":true,"alwaysOnTop":false,"showInExport":true,"width":800,"height":800,"src":"./photos/dance/f6.png","cropX":0,"cropY":0.24570057754944763,"cropWidth":0.9992506693810783,"cropHeight":0.7542994224505524,"cornerRadius":0,"flipX":false,"flipY":false,"clipSrc":"","borderColor":"black","borderSize":0},{"id":"V4h4D2JAMC","type":"image","name":"","x":11.869436201780413,"y":0,"rotation":0,"opacity":1,"blurEnabled":false,"blurRadius":10,"brightnessEnabled":false,"brightness":0,"sepiaEnabled":false,"grayscaleEnabled":false,"shadowEnabled":false,"shadowBlur":5,"shadowOffsetX":0,"shadowOffsetY":0,"shadowColor":"black","shadowOpacity":1,"visible":true,"draggable":true,"selectable":true,"contentEditable":true,"styleEditable":true,"alwaysOnTop":false,"showInExport":true,"width":800,"height":800,"src":"./photos/dance/f4.png","cropX":0.146,"cropY":0,"cropWidth":0.668,"cropHeight":1,"cornerRadius":0,"flipX":false,"flipY":false,"clipSrc":"","borderColor":"black","borderSize":0},{"id":"fwo5jeuicq","type":"image","name":"","x":0,"y":0,"rotation":0,"opacity":1,"blurEnabled":false,"blurRadius":10,"brightnessEnabled":false,"brightness":0,"sepiaEnabled":false,"grayscaleEnabled":false,"shadowEnabled":false,"shadowBlur":5,"shadowOffsetX":0,"shadowOffsetY":0,"shadowColor":"black","shadowOpacity":1,"visible":true,"draggable":true,"selectable":true,"contentEditable":true,"styleEditable":true,"alwaysOnTop":false,"showInExport":true,"width":800,"height":800,"src":"./photos/dance/f3.png","cropX":0,"cropY":0,"cropWidth":1,"cropHeight":1,"cornerRadius":0,"flipX":false,"flipY":false,"clipSrc":"","borderColor":"black","borderSize":0},{"id":"06yhEHezuX","type":"image","name":"","x":65.25332189291278,"y":27.767068273092363,"rotation":0,"opacity":1,"blurEnabled":true,"blurRadius":4,"brightnessEnabled":true,"brightness":-0.04,"sepiaEnabled":false,"grayscaleEnabled":false,"shadowEnabled":false,"shadowBlur":5,"shadowOffsetX":0,"shadowOffsetY":0,"shadowColor":"black","shadowOpacity":1,"visible":true,"draggable":true,"selectable":true,"contentEditable":true,"styleEditable":true,"alwaysOnTop":false,"showInExport":true,"width":800,"height":800,"src":"./photos/dance/f3.png","cropX":0,"cropY":0.192,"cropWidth":0.7638703771965906,"cropHeight":0.5092469181310604,"cornerRadius":0,"flipX":false,"flipY":false,"clipSrc":"","borderColor":"black","borderSize":0},{"id":"JiZde1HpRu","type":"image","name":"","x":382.5221357232283,"y":-67.79794369157676,"rotation":59.30418277832753,"opacity":0.4,"blurEnabled":false,"blurRadius":10,"brightnessEnabled":false,"brightness":0,"sepiaEnabled":false,"grayscaleEnabled":false,"shadowEnabled":false,"shadowBlur":5,"shadowOffsetX":0,"shadowOffsetY":0,"shadowColor":"black","shadowOpacity":1,"visible":true,"draggable":true,"selectable":true,"contentEditable":true,"styleEditable":true,"alwaysOnTop":false,"showInExport":true,"width":841.0656223806676,"height":663.2759899340533,"src":"./elements/f25.png","cropX":0,"cropY":0,"cropWidth":1,"cropHeight":0.7886138397342004,"cornerRadius":0,"flipX":false,"flipY":false,"clipSrc":"","borderColor":"black","borderSize":0},{"id":"ii25_-GRdo","type":"text","name":"","x":84.50000000000003,"y":20.883534136546174,"rotation":0,"opacity":1,"blurEnabled":false,"blurRadius":10,"brightnessEnabled":false,"brightness":0,"sepiaEnabled":false,"grayscaleEnabled":false,"shadowEnabled":false,"shadowBlur":5,"shadowOffsetX":0,"shadowOffsetY":0,"shadowColor":"black","shadowOpacity":1,"visible":true,"draggable":true,"selectable":true,"contentEditable":true,"styleEditable":true,"alwaysOnTop":false,"showInExport":true,"text":"Intro to Dance Workshop","placeholder":"","fontSize":84,"fontFamily":"Permanent Marker","fontStyle":"normal","fontWeight":"normal","textDecoration":"","fill":"rgba(235,15,81,0.86)","align":"center","width":631,"height":203,"verticalAlign":"middle","strokeWidth":2,"stroke":"black","lineHeight":1.2,"letterSpacing":0},{"id":"Oxjs4HNszg","type":"text","name":"","x":45.253321892912695,"y":472.25537677107127,"rotation":0,"opacity":1,"blurEnabled":false,"blurRadius":10,"brightnessEnabled":false,"brightness":0,"sepiaEnabled":false,"grayscaleEnabled":false,"shadowEnabled":false,"shadowBlur":5,"shadowOffsetX":0,"shadowOffsetY":0,"shadowColor":"black","shadowOpacity":1,"visible":true,"draggable":true,"selectable":true,"contentEditable":true,"styleEditable":true,"alwaysOnTop":false,"showInExport":true,"text":"The Dancehouse San Diego","placeholder":"","fontSize":33,"fontFamily":"Open Sans","fontStyle":"normal","fontWeight":"normal","textDecoration":"","fill":"rgba(255,255,255,0.92)","align":"center","width":420,"height":41,"verticalAlign":"middle","strokeWidth":0,"stroke":"black","lineHeight":1.2,"letterSpacing":0},{"id":"nII17MQ-qx","type":"text","name":"","x":22.75332189291275,"y":528.7975454457701,"rotation":0,"opacity":1,"blurEnabled":false,"blurRadius":10,"brightnessEnabled":false,"brightness":0,"sepiaEnabled":false,"grayscaleEnabled":false,"shadowEnabled":false,"shadowBlur":5,"shadowOffsetX":0,"shadowOffsetY":0,"shadowColor":"black","shadowOpacity":1,"visible":true,"draggable":true,"selectable":true,"contentEditable":true,"styleEditable":true,"alwaysOnTop":false,"showInExport":true,"text":"Friday, August 19 at 5PM","placeholder":"","fontSize":33,"fontFamily":"Open Sans","fontStyle":"normal","fontWeight":"normal","textDecoration":"","fill":"rgba(255,255,255,0.88)","align":"center","width":465,"height":41,"verticalAlign":"middle","strokeWidth":0,"stroke":"black","lineHeight":1.2,"letterSpacing":0},{"id":"pRdP_e5DWS","type":"text","name":"","x":31.24903771880203,"y":586.7810652513155,"rotation":0,"opacity":1,"blurEnabled":false,"blurRadius":10,"brightnessEnabled":false,"brightness":0,"sepiaEnabled":false,"grayscaleEnabled":false,"shadowEnabled":false,"shadowBlur":5,"shadowOffsetX":0,"shadowOffsetY":0,"shadowColor":"black","shadowOpacity":1,"visible":true,"draggable":true,"selectable":true,"contentEditable":true,"styleEditable":true,"alwaysOnTop":false,"showInExport":true,"text":"Kaycee Smith","placeholder":"","fontSize":33,"fontFamily":"Open Sans","fontStyle":"normal","fontWeight":"normal","textDecoration":"","fill":"rgba(255,255,255,0.85)","align":"center","width":440,"height":41,"verticalAlign":"middle","strokeWidth":0,"stroke":"black","lineHeight":1.2,"letterSpacing":0},{"id":"mXzLxLUgzL","type":"text","name":"","x":0,"y":281.2771084337353,"rotation":0,"opacity":1,"blurEnabled":false,"blurRadius":10,"brightnessEnabled":false,"brightness":0,"sepiaEnabled":false,"grayscaleEnabled":false,"shadowEnabled":false,"shadowBlur":5,"shadowOffsetX":0,"shadowOffsetY":0,"shadowColor":"black","shadowOpacity":1,"visible":true,"draggable":true,"selectable":true,"contentEditable":true,"styleEditable":true,"alwaysOnTop":false,"showInExport":true,"text":"Come join us for a ","placeholder":"","fontSize":40,"fontFamily":"Caveat","fontStyle":"normal","fontWeight":"normal","textDecoration":"","fill":"rgba(255,255,255,0.97)","align":"center","width":351,"height":49,"verticalAlign":"middle","strokeWidth":2,"stroke":"black","lineHeight":1.2,"letterSpacing":0},{"id":"kFE-Ae-si5","type":"text","name":"","x":94.249037718802,"y":340.3734939759037,"rotation":0,"opacity":1,"blurEnabled":false,"blurRadius":10,"brightnessEnabled":false,"brightness":0,"sepiaEnabled":false,"grayscaleEnabled":false,"shadowEnabled":false,"shadowBlur":5,"shadowOffsetX":0,"shadowOffsetY":0,"shadowColor":"black","shadowOpacity":1,"visible":true,"draggable":true,"selectable":true,"contentEditable":true,"styleEditable":true,"alwaysOnTop":false,"showInExport":true,"text":"fun, beginner-friendly","placeholder":"","fontSize":30,"fontFamily":"Permanent Marker","fontStyle":"normal","fontWeight":"bold","textDecoration":"","fill":"rgba(229,122,116,1)","align":"center","width":377,"height":37,"verticalAlign":"middle","strokeWidth":2,"stroke":"black","lineHeight":1.2,"letterSpacing":0},{"id":"32TeuklK2I","type":"text","name":"","x":249.74903772880202,"y":385.4056224899601,"rotation":0,"opacity":1,"blurEnabled":false,"blurRadius":10,"brightnessEnabled":false,"brightness":0,"sepiaEnabled":false,"grayscaleEnabled":false,"shadowEnabled":false,"shadowBlur":5,"shadowOffsetX":0,"shadowOffsetY":0,"shadowColor":"black","shadowOpacity":1,"visible":true,"draggable":true,"selectable":true,"contentEditable":true,"styleEditable":true,"alwaysOnTop":false,"showInExport":true,"text":"dance workshop!","placeholder":"","fontSize":42,"fontFamily":"Caveat","fontStyle":"normal","fontWeight":"normal","textDecoration":"","fill":"rgba(255,255,255,0.97)","align":"center","width":265,"height":52,"verticalAlign":"middle","strokeWidth":2,"stroke":"black","lineHeight":1.2,"letterSpacing":0}],"width":"auto","height":"auto","background":"#ffffff","bleed":0}],"unit":"px","dpi":72}