{"width":800,"height":800,"fonts":[],"pages":[{"id":"oqZpb1hZpH","children":[{"id":"H1QOflpf1Z","type":"image","name":"","x":-157.32217573221757,"y":-177.40585774058573,"rotation":0,"opacity":1,"blurEnabled":false,"blurRadius":10,"brightnessEnabled":false,"brightness":0,"sepiaEnabled":false,"grayscaleEnabled":false,"shadowEnabled":false,"shadowBlur":5,"shadowOffsetX":0,"shadowOffsetY":0,"shadowColor":"black","shadowOpacity":1,"visible":true,"draggable":true,"selectable":true,"contentEditable":true,"styleEditable":true,"alwaysOnTop":false,"showInExport":true,"width":1080,"height":1080,"src":"./elements/f10.png","cropX":0,"cropY":0,"cropWidth":1,"cropHeight":1,"cornerRadius":0,"flipX":false,"flipY":false,"clipSrc":"","borderColor":"black","borderSize":0},{"id":"DmPm08PcUm","type":"image","name":"","x":1.9999999999975202,"y":0,"rotation":0,"opacity":0.71,"blurEnabled":true,"blurRadius":16,"brightnessEnabled":true,"brightness":-0.44,"sepiaEnabled":false,"grayscaleEnabled":false,"shadowEnabled":false,"shadowBlur":5,"shadowOffsetX":0,"shadowOffsetY":0,"shadowColor":"black","shadowOpacity":1,"visible":true,"draggable":true,"selectable":true,"contentEditable":true,"styleEditable":true,"alwaysOnTop":false,"showInExport":true,"width":800.0000000000025,"height":800.0000000000023,"src":"./photos/dance/f4.png","cropX":0,"cropY":1.7018987682876652e-16,"cropWidth":0.668,"cropHeight":0.9999999999999998,"cornerRadius":0,"flipX":false,"flipY":false,"clipSrc":"","borderColor":"black","borderSize":0},{"id":"4dDUnSm5aJ","type":"text","name":"","x":30.99999992999858,"y":111.73374842060025,"rotation":0,"opacity":1,"blurEnabled":false,"blurRadius":10,"brightnessEnabled":false,"brightness":0,"sepiaEnabled":false,"grayscaleEnabled":false,"shadowEnabled":false,"shadowBlur":5,"shadowOffsetX":0,"shadowOffsetY":0,"shadowColor":"black","shadowOpacity":1,"visible":true,"draggable":true,"selectable":true,"contentEditable":true,"styleEditable":true,"alwaysOnTop":false,"showInExport":true,"text":"Intro to Dance Workshop","placeholder":"","fontSize":78,"fontFamily":"Bungee","fontStyle":"normal","fontWeight":"normal","textDecoration":"","fill":"rgba(249,233,212,1)","align":"center","width":738,"height":189,"verticalAlign":"middle","strokeWidth":7,"stroke":"black","lineHeight":1.2,"letterSpacing":0},{"id":"hiujCnTF-O","type":"text","name":"","x":181.8114754098346,"y":567.0435779014497,"rotation":0,"opacity":1,"blurEnabled":false,"blurRadius":10,"brightnessEnabled":false,"brightness":0,"sepiaEnabled":false,"grayscaleEnabled":false,"shadowEnabled":false,"shadowBlur":5,"shadowOffsetX":0,"shadowOffsetY":0,"shadowColor":"black","shadowOpacity":1,"visible":true,"draggable":true,"selectable":true,"contentEditable":true,"styleEditable":true,"alwaysOnTop":false,"showInExport":true,"text":"The Dancehouse San Diego","placeholder":"","fontSize":35,"fontFamily":"Archivo Narrow","fontStyle":"normal","fontWeight":"normal","textDecoration":"","fill":"rgba(249,233,212,1)","align":"center","width":471,"height":43,"verticalAlign":"middle","strokeWidth":2,"stroke":"black","lineHeight":1.2,"letterSpacing":0},{"id":"M-hPOBwir2","type":"text","name":"","x":160.81147539983465,"y":514.2484959342366,"rotation":0,"opacity":1,"blurEnabled":false,"blurRadius":10,"brightnessEnabled":false,"brightness":0,"sepiaEnabled":false,"grayscaleEnabled":false,"shadowEnabled":false,"shadowBlur":5,"shadowOffsetX":0,"shadowOffsetY":0,"shadowColor":"black","shadowOpacity":1,"visible":true,"draggable":true,"selectable":true,"contentEditable":true,"styleEditable":true,"alwaysOnTop":false,"showInExport":true,"text":"Friday, August 19 at 5PM","placeholder":"","fontSize":42,"fontFamily":"Archivo Narrow","fontStyle":"normal","fontWeight":"normal","textDecoration":"","fill":"rgba(249,233,212,1)","align":"center","width":513,"height":52,"verticalAlign":"middle","strokeWidth":2,"stroke":"black","lineHeight":1.2,"letterSpacing":0},{"id":"uqZMBGMxt4","type":"text","name":"","x":307.14754098360464,"y":610.0435779014497,"rotation":0,"opacity":1,"blurEnabled":false,"blurRadius":10,"brightnessEnabled":false,"brightness":0,"sepiaEnabled":false,"grayscaleEnabled":false,"shadowEnabled":false,"shadowBlur":5,"shadowOffsetX":0,"shadowOffsetY":0,"shadowColor":"black","shadowOpacity":1,"visible":true,"draggable":true,"selectable":true,"contentEditable":true,"styleEditable":true,"alwaysOnTop":false,"showInExport":true,"text":"Kaycee Smith","placeholder":"","fontSize":26,"fontFamily":"Archivo Narrow","fontStyle":"normal","fontWeight":"normal","textDecoration":"","fill":"rgba(249,233,212,1)","align":"center","width":191,"height":33,"verticalAlign":"middle","strokeWidth":2,"stroke":"black","lineHeight":1.2,"letterSpacing":0},{"id":"Mznh0OxKHL","type":"text","name":"","x":97.33606557376851,"y":681.1120115678842,"rotation":0,"opacity":1,"blurEnabled":false,"blurRadius":10,"brightnessEnabled":false,"brightness":0,"sepiaEnabled":false,"grayscaleEnabled":false,"shadowEnabled":false,"shadowBlur":5,"shadowOffsetX":0,"shadowOffsetY":0,"shadowColor":"black","shadowOpacity":1,"visible":true,"draggable":true,"selectable":true,"contentEditable":true,"styleEditable":true,"alwaysOnTop":false,"showInExport":true,"text":"Come join us for a fun, beginner-friendly dance workshop!","placeholder":"","fontSize":35,"fontFamily":"Fredoka One","fontStyle":"normal","fontWeight":"normal","textDecoration":"","fill":"rgba(188,237,163,1)","align":"center","width":640,"height":85,"verticalAlign":"middle","strokeWidth":5,"stroke":"black","lineHeight":1.2,"letterSpacing":0},{"id":"nUB4kAciNM","type":"image","name":"","x":230.74262624318055,"y":227.73374842060042,"rotation":0,"opacity":1,"blurEnabled":false,"blurRadius":10,"brightnessEnabled":false,"brightness":0,"sepiaEnabled":false,"grayscaleEnabled":false,"shadowEnabled":false,"shadowBlur":5,"shadowOffsetX":0,"shadowOffsetY":0,"shadowColor":"black","shadowOpacity":1,"visible":true,"draggable":true,"selectable":true,"contentEditable":true,"styleEditable":true,"alwaysOnTop":false,"showInExport":true,"width":338.5147475136362,"height":338.5147475136362,"src":"./elements/f3.png","cropX":0,"cropY":0,"cropWidth":0.9999999999999998,"cropHeight":0.9999999999999998,"cornerRadius":0,"flipX":false,"flipY":false,"clipSrc":"","borderColor":"black","borderSize":0}],"width":"auto","height":"auto","background":"#000000","bleed":0}],"unit":"px","dpi":72}