{"width":800,"height":800,"fonts":[],"pages":[{"id":"BEjA4ein79","children":[{"id":"wsDXAYXOE_","type":"image","name":"","x":0,"y":0,"rotation":0,"opacity":1,"blurEnabled":false,"blurRadius":10,"brightnessEnabled":false,"brightness":0,"sepiaEnabled":false,"grayscaleEnabled":false,"shadowEnabled":false,"shadowBlur":5,"shadowOffsetX":0,"shadowOffsetY":0,"shadowColor":"black","shadowOpacity":1,"visible":true,"draggable":false,"selectable":true,"contentEditable":false,"styleEditable":false,"alwaysOnTop":false,"showInExport":true,"width":800,"height":800,"src":"./photos/dance/f11.png","cropX":0,"cropY":0,"cropWidth":1,"cropHeight":1,"cornerRadius":0,"flipX":false,"flipY":false,"clipSrc":"","borderColor":"black","borderSize":0},{"id":"Mm93ZRed5C","type":"text","name":"","x":26.53526971454375,"y":18.15352697095435,"rotation":0,"opacity":1,"blurEnabled":false,"blurRadius":10,"brightnessEnabled":false,"brightness":0,"sepiaEnabled":false,"grayscaleEnabled":false,"shadowEnabled":true,"shadowBlur":23,"shadowOffsetX":0,"shadowOffsetY":0,"shadowColor":"rgba(255,0,82,1)","shadowOpacity":1,"visible":true,"draggable":true,"selectable":true,"contentEditable":true,"styleEditable":true,"alwaysOnTop":false,"showInExport":true,"text":"Intro to Dance Workshop","placeholder":"","fontSize":100,"fontFamily":"Oleo Script","fontStyle":"normal","fontWeight":"normal","textDecoration":"","fill":"rgba(255,255,255,1)","align":"left","width":749,"height":241,"verticalAlign":"middle","strokeWidth":4,"stroke":"black","lineHeight":1.2,"letterSpacing":0},{"id":"SwSyOCeeSC","type":"text","name":"","x":26.53526971454363,"y":254.7981262740903,"rotation":0,"opacity":1,"blurEnabled":false,"blurRadius":10,"brightnessEnabled":false,"brightness":0,"sepiaEnabled":false,"grayscaleEnabled":false,"shadowEnabled":true,"shadowBlur":12,"shadowOffsetX":0,"shadowOffsetY":0,"shadowColor":"rgba(255,0,82,1)","shadowOpacity":1,"visible":true,"draggable":true,"selectable":true,"contentEditable":true,"styleEditable":true,"alwaysOnTop":false,"showInExport":true,"text":"Come join us for a fun, beginner-friendly dance workshop with instructor, Kaycee Smith!","placeholder":"","fontSize":29,"fontFamily":"Open Sans","fontStyle":"normal","fontWeight":"normal","textDecoration":"","fill":"rgba(255,255,255,1)","align":"left","width":400,"height":141,"verticalAlign":"middle","strokeWidth":2,"stroke":"black","lineHeight":1.2,"letterSpacing":0},{"id":"n0B9bv_VxT","type":"text","name":"","x":26.53526972454381,"y":480.02809143088473,"rotation":0,"opacity":1,"blurEnabled":false,"blurRadius":10,"brightnessEnabled":false,"brightness":0,"sepiaEnabled":false,"grayscaleEnabled":false,"shadowEnabled":true,"shadowBlur":13,"shadowOffsetX":0,"shadowOffsetY":0,"shadowColor":"rgba(255,0,82,1)","shadowOpacity":1,"visible":true,"draggable":true,"selectable":true,"contentEditable":true,"styleEditable":true,"alwaysOnTop":false,"showInExport":true,"text":"Friday, August 19 at 5PM at\nThe Dancehouse San Diego","placeholder":"","fontSize":27,"fontFamily":"Roboto","fontStyle":"italic","fontWeight":"normal","textDecoration":"","fill":"rgba(255,255,255,1)","align":"left","width":472,"height":66,"verticalAlign":"middle","strokeWidth":2,"stroke":"rgba(0,0,0,1)","lineHeight":1.2,"letterSpacing":0},{"id":"AwB158LMXo","type":"text","name":"","x":26.53526971454386,"y":446.0280914308846,"rotation":0,"opacity":1,"blurEnabled":false,"blurRadius":10,"brightnessEnabled":false,"brightness":0,"sepiaEnabled":false,"grayscaleEnabled":false,"shadowEnabled":true,"shadowBlur":13,"shadowOffsetX":0,"shadowOffsetY":0,"shadowColor":"rgba(255,0,82,1)","shadowOpacity":1,"visible":true,"draggable":true,"selectable":true,"contentEditable":true,"styleEditable":true,"alwaysOnTop":false,"showInExport":true,"text":"When and Where:","placeholder":"","fontSize":27,"fontFamily":"Roboto","fontStyle":"italic","fontWeight":"normal","textDecoration":"","fill":"rgba(255,255,255,1)","align":"left","width":472,"height":34,"verticalAlign":"middle","strokeWidth":2,"stroke":"rgba(0,0,0,1)","lineHeight":1.2,"letterSpacing":0}],"width":"auto","height":"auto","background":"#ffffff","bleed":0}],"unit":"px","dpi":72}