{"width":800,"height":800,"fonts":[],"pages":[{"id":"UsyW9erTcH","children":[{"id":"F9Ehdepokt","type":"image","name":"","x":7.105427357601002e-15,"y":-132.69743463400366,"rotation":0,"opacity":1,"blurEnabled":false,"blurRadius":10,"brightnessEnabled":false,"brightness":0,"sepiaEnabled":false,"grayscaleEnabled":false,"shadowEnabled":false,"shadowBlur":5,"shadowOffsetX":0,"shadowOffsetY":0,"shadowColor":"black","shadowOpacity":1,"visible":true,"draggable":true,"selectable":true,"contentEditable":true,"styleEditable":true,"alwaysOnTop":false,"showInExport":true,"width":1046.2171796715297,"height":961.3755766635059,"src":"./photos/dance/f13.png","cropX":0,"cropY":0,"cropWidth":1,"cropHeight":0.6126042121677129,"cornerRadius":0,"flipX":false,"flipY":false,"clipSrc":"","borderColor":"black","borderSize":0},{"id":"-C8xfEbBAT","type":"image","name":"","x":-20.063187284171363,"y":416.30168019479703,"rotation":0,"opacity":1,"blurEnabled":false,"blurRadius":10,"brightnessEnabled":false,"brightness":0,"sepiaEnabled":false,"grayscaleEnabled":false,"shadowEnabled":false,"shadowBlur":5,"shadowOffsetX":0,"shadowOffsetY":0,"shadowColor":"black","shadowOpacity":1,"visible":true,"draggable":true,"selectable":true,"contentEditable":true,"styleEditable":true,"alwaysOnTop":false,"showInExport":true,"width":1028.536444438451,"height":1534.0113735255256,"src":"./elements/f42.png","cropX":0.19758251975825214,"cropY":0,"cropWidth":0.8024174802417479,"cropHeight":0.8975745689390064,"cornerRadius":0,"flipX":false,"flipY":false,"clipSrc":"","borderColor":"black","borderSize":0},{"id":"uz0Boynr3b","type":"text","name":"","x":34.53347280334742,"y":62.003548940579364,"rotation":0,"opacity":1,"blurEnabled":false,"blurRadius":10,"brightnessEnabled":false,"brightness":0,"sepiaEnabled":false,"grayscaleEnabled":false,"shadowEnabled":false,"shadowBlur":5,"shadowOffsetX":0,"shadowOffsetY":0,"shadowColor":"black","shadowOpacity":1,"visible":true,"draggable":true,"selectable":true,"contentEditable":true,"styleEditable":true,"alwaysOnTop":false,"showInExport":true,"text":"Intro to Dance Workshop","placeholder":"","fontSize":62,"fontFamily":"Abril Fatface","fontStyle":"normal","fontWeight":"normal","textDecoration":"","fill":"black","align":"left","width":766,"height":76,"verticalAlign":"middle","strokeWidth":14,"stroke":"rgba(255,255,255,0.92)","lineHeight":1.2,"letterSpacing":0},{"id":"TEv_thHqLB","type":"text","name":"","x":34.533472803347415,"y":198.53390226694484,"rotation":0,"opacity":1,"blurEnabled":false,"blurRadius":10,"brightnessEnabled":false,"brightness":0,"sepiaEnabled":false,"grayscaleEnabled":false,"shadowEnabled":false,"shadowBlur":5,"shadowOffsetX":0,"shadowOffsetY":0,"shadowColor":"black","shadowOpacity":1,"visible":true,"draggable":true,"selectable":true,"contentEditable":true,"styleEditable":true,"alwaysOnTop":false,"showInExport":true,"text":"The Dancehouse San Diego","placeholder":"","fontSize":38,"fontFamily":"Elsie","fontStyle":"normal","fontWeight":"normal","textDecoration":"","fill":"black","align":"center","width":300,"height":93,"verticalAlign":"middle","strokeWidth":9,"stroke":"rgba(255,255,255,1)","lineHeight":1.2,"letterSpacing":0},{"id":"m4mmb11UZ7","type":"text","name":"","x":43.033472803347394,"y":347.9903536977492,"rotation":0,"opacity":1,"blurEnabled":false,"blurRadius":10,"brightnessEnabled":false,"brightness":0,"sepiaEnabled":false,"grayscaleEnabled":false,"shadowEnabled":false,"shadowBlur":5,"shadowOffsetX":0,"shadowOffsetY":0,"shadowColor":"black","shadowOpacity":1,"visible":true,"draggable":true,"selectable":true,"contentEditable":true,"styleEditable":true,"alwaysOnTop":false,"showInExport":true,"text":"Friday, August 19 at 5PM","placeholder":"","fontSize":38,"fontFamily":"Elsie","fontStyle":"normal","fontWeight":"normal","textDecoration":"","fill":"black","align":"center","width":283,"height":93,"verticalAlign":"middle","strokeWidth":9,"stroke":"rgba(255,255,255,1)","lineHeight":1.2,"letterSpacing":0},{"id":"RIE_Ac1d9N","type":"text","name":"","x":34.03347280334736,"y":524.5675061628848,"rotation":0,"opacity":1,"blurEnabled":false,"blurRadius":10,"brightnessEnabled":false,"brightness":0,"sepiaEnabled":false,"grayscaleEnabled":false,"shadowEnabled":false,"shadowBlur":5,"shadowOffsetX":0,"shadowOffsetY":0,"shadowColor":"black","shadowOpacity":1,"visible":true,"draggable":true,"selectable":true,"contentEditable":true,"styleEditable":true,"alwaysOnTop":false,"showInExport":true,"text":"Kaycee Smith","placeholder":"","fontSize":38,"fontFamily":"Elsie","fontStyle":"normal","fontWeight":"normal","textDecoration":"","fill":"black","align":"center","width":292,"height":47,"verticalAlign":"middle","strokeWidth":9,"stroke":"rgba(255,255,255,1)","lineHeight":1.2,"letterSpacing":0},{"id":"u5nFsYAwKu","type":"text","name":"","x":34.033472803347394,"y":649.2410827975691,"rotation":0,"opacity":1,"blurEnabled":false,"blurRadius":10,"brightnessEnabled":false,"brightness":0,"sepiaEnabled":false,"grayscaleEnabled":false,"shadowEnabled":false,"shadowBlur":5,"shadowOffsetX":0,"shadowOffsetY":0,"shadowColor":"black","shadowOpacity":1,"visible":true,"draggable":true,"selectable":true,"contentEditable":true,"styleEditable":true,"alwaysOnTop":false,"showInExport":true,"text":"Come join us for a fun, beginner-friendly dance workshop!","placeholder":"","fontSize":40,"fontFamily":"Abril Fatface","fontStyle":"normal","fontWeight":"normal","textDecoration":"","fill":"rgba(0,0,0,1)","align":"center","width":749,"height":97,"verticalAlign":"middle","strokeWidth":5,"stroke":"rgba(255,255,255,1)","lineHeight":1.2,"letterSpacing":0}],"width":"auto","height":"auto","background":"#ffffff","bleed":0}],"unit":"px","dpi":72}