{"width":800,"height":800,"fonts":[],"pages":[{"id":"MZolH9TKaf","children":[{"id":"Zd_y2f_RMR","type":"image","name":"","x":-0.8514524163620022,"y":51.8585312876958,"rotation":0,"opacity":1,"blurEnabled":false,"blurRadius":10,"brightnessEnabled":true,"brightness":-0.6900000000000002,"sepiaEnabled":false,"grayscaleEnabled":false,"shadowEnabled":false,"shadowBlur":5,"shadowOffsetX":0,"shadowOffsetY":0,"shadowColor":"black","shadowOpacity":1,"visible":true,"draggable":true,"selectable":true,"contentEditable":true,"styleEditable":true,"alwaysOnTop":false,"showInExport":true,"width":798.8559297237539,"height":707.5400835593466,"src":"./photos/dance/f5.png","cropX":0.16927792413250384,"cropY":0.11878444676590472,"cropWidth":0.6626341245648093,"cropHeight":0.8812155532340953,"cornerRadius":164.72843725993994,"flipX":false,"flipY":false,"clipSrc":"","borderColor":"black","borderSize":0},{"id":"lte_y1YK57","type":"image","name":"","x":698.7803248546458,"y":-610.4482831400442,"rotation":37.05651920447243,"opacity":1,"blurEnabled":false,"blurRadius":10,"brightnessEnabled":true,"brightness":-0.92,"sepiaEnabled":false,"grayscaleEnabled":true,"shadowEnabled":false,"shadowBlur":5,"shadowOffsetX":0,"shadowOffsetY":0,"shadowColor":"black","shadowOpacity":1,"visible":true,"draggable":true,"selectable":true,"contentEditable":true,"styleEditable":true,"alwaysOnTop":false,"showInExport":true,"width":792.6628825563465,"height":792.6628825563465,"src":"./elements/f40.png","cropX":0,"cropY":0,"cropWidth":0.9999999999999998,"cropHeight":0.9999999999999998,"cornerRadius":0,"flipX":false,"flipY":false,"clipSrc":"","borderColor":"black","borderSize":0},{"id":"QH4ZBTVI1r","type":"image","name":"","x":-282.4177194301457,"y":352.2661147200337,"rotation":8.488553771937795,"opacity":1,"blurEnabled":false,"blurRadius":10,"brightnessEnabled":true,"brightness":-0.92,"sepiaEnabled":false,"grayscaleEnabled":true,"shadowEnabled":false,"shadowBlur":5,"shadowOffsetX":0,"shadowOffsetY":0,"shadowColor":"black","shadowOpacity":1,"visible":true,"draggable":true,"selectable":true,"contentEditable":true,"styleEditable":true,"alwaysOnTop":false,"showInExport":true,"width":701.5320242284032,"height":701.5320242284031,"src":"./elements/f40.png","cropX":0,"cropY":0,"cropWidth":1,"cropHeight":0.9999999999999998,"cornerRadius":0,"flipX":false,"flipY":false,"clipSrc":"","borderColor":"black","borderSize":0},{"id":"QAHTT8a45T","type":"image","name":"","x":-521.5249873425214,"y":-468.94185997934153,"rotation":0,"opacity":1,"blurEnabled":false,"blurRadius":10,"brightnessEnabled":true,"brightness":-0.92,"sepiaEnabled":false,"grayscaleEnabled":true,"shadowEnabled":false,"shadowBlur":5,"shadowOffsetX":0,"shadowOffsetY":0,"shadowColor":"black","shadowOpacity":1,"visible":true,"draggable":true,"selectable":true,"contentEditable":true,"styleEditable":true,"alwaysOnTop":false,"showInExport":true,"width":826.8836003064902,"height":826.8836003064902,"src":"./elements/f40.png","cropX":0,"cropY":0,"cropWidth":0.9999999999999998,"cropHeight":0.9999999999999998,"cornerRadius":0,"flipX":false,"flipY":false,"clipSrc":"","borderColor":"black","borderSize":0},{"id":"lDWPB_6qma","type":"text","name":"","x":34.000000000000064,"y":322.49999999999994,"rotation":0,"opacity":1,"blurEnabled":false,"blurRadius":10,"brightnessEnabled":false,"brightness":0,"sepiaEnabled":false,"grayscaleEnabled":false,"shadowEnabled":false,"shadowBlur":5,"shadowOffsetX":0,"shadowOffsetY":0,"shadowColor":"black","shadowOpacity":1,"visible":true,"draggable":true,"selectable":true,"contentEditable":true,"styleEditable":true,"alwaysOnTop":false,"showInExport":true,"text":"Intro to Dance Workshop","placeholder":"","fontSize":64,"fontFamily":"Rock Salt","fontStyle":"normal","fontWeight":"normal","textDecoration":"","fill":"rgba(255,255,255,1)","align":"center","width":732,"height":155,"verticalAlign":"middle","strokeWidth":0,"stroke":"black","lineHeight":1.2,"letterSpacing":0},{"id":"QZXCUUV1FR","type":"image","name":"","x":453.35820896522375,"y":428.7814291291418,"rotation":0,"opacity":1,"blurEnabled":false,"blurRadius":10,"brightnessEnabled":true,"brightness":-0.92,"sepiaEnabled":false,"grayscaleEnabled":true,"shadowEnabled":false,"shadowBlur":5,"shadowOffsetX":0,"shadowOffsetY":0,"shadowColor":"black","shadowOpacity":1,"visible":true,"draggable":true,"selectable":true,"contentEditable":true,"styleEditable":true,"alwaysOnTop":false,"showInExport":true,"width":792.6628825563465,"height":792.6628825563465,"src":"./elements/f40.png","cropX":0,"cropY":0,"cropWidth":0.9999999999999998,"cropHeight":0.9999999999999998,"cornerRadius":0,"flipX":false,"flipY":false,"clipSrc":"","borderColor":"black","borderSize":0},{"id":"6uCQ9h9oSV","type":"text","name":"","x":123.99999994000001,"y":681.4137378326312,"rotation":0,"opacity":1,"blurEnabled":false,"blurRadius":10,"brightnessEnabled":false,"brightness":0,"sepiaEnabled":false,"grayscaleEnabled":false,"shadowEnabled":false,"shadowBlur":5,"shadowOffsetX":0,"shadowOffsetY":0,"shadowColor":"black","shadowOpacity":1,"visible":true,"draggable":true,"selectable":true,"contentEditable":true,"styleEditable":true,"alwaysOnTop":false,"showInExport":true,"text":"The Dancehouse San Diego","placeholder":"","fontSize":30,"fontFamily":"Ubuntu Mono","fontStyle":"normal","fontWeight":"normal","textDecoration":"","fill":"rgba(255,255,255,1)","align":"center","width":552,"height":37,"verticalAlign":"middle","strokeWidth":0,"stroke":"black","lineHeight":1.2,"letterSpacing":0},{"id":"AT8kQhVjpx","type":"text","name":"","x":137.9999999299988,"y":634.0311755550523,"rotation":0,"opacity":1,"blurEnabled":false,"blurRadius":10,"brightnessEnabled":false,"brightness":0,"sepiaEnabled":false,"grayscaleEnabled":false,"shadowEnabled":false,"shadowBlur":5,"shadowOffsetX":0,"shadowOffsetY":0,"shadowColor":"black","shadowOpacity":1,"visible":true,"draggable":true,"selectable":true,"contentEditable":true,"styleEditable":true,"alwaysOnTop":false,"showInExport":true,"text":"Friday, August 19 at 5PM","placeholder":"","fontSize":30,"fontFamily":"Ubuntu Mono","fontStyle":"normal","fontWeight":"normal","textDecoration":"","fill":"rgba(255,255,255,1)","align":"center","width":524,"height":37,"verticalAlign":"middle","strokeWidth":0,"stroke":"black","lineHeight":1.2,"letterSpacing":0},{"id":"0e40yFAAyP","type":"text","name":"","x":155.49999998999982,"y":727.3547283734736,"rotation":0,"opacity":1,"blurEnabled":false,"blurRadius":10,"brightnessEnabled":false,"brightness":0,"sepiaEnabled":false,"grayscaleEnabled":false,"shadowEnabled":false,"shadowBlur":5,"shadowOffsetX":0,"shadowOffsetY":0,"shadowColor":"black","shadowOpacity":1,"visible":true,"draggable":true,"selectable":true,"contentEditable":true,"styleEditable":true,"alwaysOnTop":false,"showInExport":true,"text":"Instructor: Kaycee Smith","placeholder":"","fontSize":28,"fontFamily":"Ubuntu Mono","fontStyle":"normal","fontWeight":"normal","textDecoration":"","fill":"rgba(255,255,255,1)","align":"center","width":489,"height":35,"verticalAlign":"middle","strokeWidth":0,"stroke":"black","lineHeight":1.2,"letterSpacing":0},{"id":"-NY7xt8Qlo","type":"text","name":"","x":75.92928253323814,"y":36.14182796632234,"rotation":0,"opacity":1,"blurEnabled":false,"blurRadius":10,"brightnessEnabled":false,"brightness":0,"sepiaEnabled":false,"grayscaleEnabled":false,"shadowEnabled":false,"shadowBlur":5,"shadowOffsetX":0,"shadowOffsetY":0,"shadowColor":"black","shadowOpacity":1,"visible":true,"draggable":true,"selectable":true,"contentEditable":true,"styleEditable":true,"alwaysOnTop":false,"showInExport":true,"text":"Come join us for a fun, beginner-friendly dance workshop!","placeholder":"","fontSize":28,"fontFamily":"Rock Salt","fontStyle":"normal","fontWeight":"normal","textDecoration":"","fill":"rgba(255,255,255,1)","align":"center","width":671,"height":69,"verticalAlign":"middle","strokeWidth":0,"stroke":"black","lineHeight":1.2,"letterSpacing":0}],"width":"auto","height":"auto","background":"#000000","bleed":0}],"unit":"px","dpi":72}