{"width":800,"height":800,"fonts":[],"pages":[{"id":"H1clJGIrTj","children":[{"id":"cAhASvCV8U","type":"image","name":"","x":-115.39568990819348,"y":-143.6858620647607,"rotation":0,"opacity":1,"blurEnabled":false,"blurRadius":10,"brightnessEnabled":false,"brightness":0,"sepiaEnabled":false,"grayscaleEnabled":false,"shadowEnabled":false,"shadowBlur":5,"shadowOffsetX":0,"shadowOffsetY":0,"shadowColor":"black","shadowOpacity":1,"visible":true,"draggable":true,"selectable":true,"contentEditable":true,"styleEditable":true,"alwaysOnTop":false,"showInExport":true,"width":1114.9725970659072,"height":813.1858620647602,"src":"./photos/dance/f5.png","cropX":0,"cropY":0,"cropWidth":0.9131636250542158,"cropHeight":0.9999999999999997,"cornerRadius":0,"flipX":false,"flipY":false,"clipSrc":"","borderColor":"black","borderSize":0},{"id":"UCmiPz6y1Y","type":"text","name":"","x":39.24626866171522,"y":31.097560975609767,"rotation":0,"opacity":1,"blurEnabled":false,"blurRadius":10,"brightnessEnabled":false,"brightness":0,"sepiaEnabled":false,"grayscaleEnabled":false,"shadowEnabled":false,"shadowBlur":5,"shadowOffsetX":0,"shadowOffsetY":0,"shadowColor":"black","shadowOpacity":1,"visible":true,"draggable":true,"selectable":true,"contentEditable":true,"styleEditable":true,"alwaysOnTop":false,"showInExport":true,"text":"Intro to Dance Workshop","placeholder":"","fontSize":64,"fontFamily":"Roboto","fontStyle":"normal","fontWeight":"bold","textDecoration":"","fill":"black","align":"left","width":482,"height":155,"verticalAlign":"middle","strokeWidth":0,"stroke":"black","lineHeight":1.2,"letterSpacing":0},{"id":"Zh6iyNxcJi","type":"image","name":"","x":1.4210854715202004e-14,"y":652.3903632748411,"rotation":0,"opacity":1,"blurEnabled":false,"blurRadius":10,"brightnessEnabled":false,"brightness":0,"sepiaEnabled":false,"grayscaleEnabled":false,"shadowEnabled":false,"shadowBlur":5,"shadowOffsetX":0,"shadowOffsetY":0,"shadowColor":"black","shadowOpacity":1,"visible":true,"draggable":true,"selectable":true,"contentEditable":true,"styleEditable":true,"alwaysOnTop":false,"showInExport":true,"width":1447.7527696588922,"height":166.1712173537132,"src":"./photos/dance/f5.png","cropX":1.4210854715202004e-17,"cropY":0.8776997157589073,"cropWidth":0.7096436133034045,"cropHeight":0.12230028424109271,"cornerRadius":0,"flipX":false,"flipY":false,"clipSrc":"","borderColor":"black","borderSize":0},{"id":"yHnHaxPiR-","type":"text","name":"","x":39.24626866171627,"y":669.4999999999997,"rotation":0,"opacity":1,"blurEnabled":false,"blurRadius":10,"brightnessEnabled":false,"brightness":0,"sepiaEnabled":false,"grayscaleEnabled":false,"shadowEnabled":false,"shadowBlur":5,"shadowOffsetX":0,"shadowOffsetY":0,"shadowColor":"black","shadowOpacity":1,"visible":true,"draggable":true,"selectable":true,"contentEditable":true,"styleEditable":true,"alwaysOnTop":false,"showInExport":true,"text":"Friday, August 19 at 5PM","placeholder":"","fontSize":40,"fontFamily":"Permanent Marker","fontStyle":"normal","fontWeight":"normal","textDecoration":"","fill":"black","align":"left","width":563,"height":49,"verticalAlign":"middle","strokeWidth":0,"stroke":"black","lineHeight":1.2,"letterSpacing":0},{"id":"xZZZYyyaGJ","type":"text","name":"","x":-14.845360824742237,"y":186.0975609756096,"rotation":0,"opacity":1,"blurEnabled":false,"blurRadius":10,"brightnessEnabled":false,"brightness":0,"sepiaEnabled":false,"grayscaleEnabled":false,"shadowEnabled":false,"shadowBlur":5,"shadowOffsetX":0,"shadowOffsetY":0,"shadowColor":"black","shadowOpacity":1,"visible":true,"draggable":true,"selectable":true,"contentEditable":true,"styleEditable":true,"alwaysOnTop":false,"showInExport":true,"text":"Kaycee Smith","placeholder":"","fontSize":33,"fontFamily":"Roboto","fontStyle":"normal","fontWeight":"normal","textDecoration":"","fill":"black","align":"center","width":314,"height":41,"verticalAlign":"middle","strokeWidth":0,"stroke":"black","lineHeight":1.2,"letterSpacing":0},{"id":"YkgHppK5-D","type":"text","name":"","x":39.24626866171516,"y":588.3903632748411,"rotation":0,"opacity":1,"blurEnabled":false,"blurRadius":10,"brightnessEnabled":false,"brightness":0,"sepiaEnabled":false,"grayscaleEnabled":false,"shadowEnabled":false,"shadowBlur":5,"shadowOffsetX":0,"shadowOffsetY":0,"shadowColor":"black","shadowOpacity":1,"visible":true,"draggable":true,"selectable":true,"contentEditable":true,"styleEditable":true,"alwaysOnTop":false,"showInExport":true,"text":"Come join us for a fun, beginner-friendly dance workshop!","placeholder":"","fontSize":26,"fontFamily":"Roboto","fontStyle":"italic","fontWeight":"normal","textDecoration":"","fill":"black","align":"left","width":518,"height":64,"verticalAlign":"middle","strokeWidth":0,"stroke":"black","lineHeight":1.2,"letterSpacing":0},{"id":"Q0Zhd2-uFQ","type":"text","name":"","x":39.246268661715206,"y":718.4999999999998,"rotation":0,"opacity":1,"blurEnabled":false,"blurRadius":10,"brightnessEnabled":false,"brightness":0,"sepiaEnabled":false,"grayscaleEnabled":false,"shadowEnabled":false,"shadowBlur":5,"shadowOffsetX":0,"shadowOffsetY":0,"shadowColor":"black","shadowOpacity":1,"visible":true,"draggable":true,"selectable":true,"contentEditable":true,"styleEditable":true,"alwaysOnTop":false,"showInExport":true,"text":"The Dancehouse San Diego","placeholder":"","fontSize":40,"fontFamily":"Permanent Marker","fontStyle":"normal","fontWeight":"normal","textDecoration":"","fill":"black","align":"left","width":538,"height":49,"verticalAlign":"middle","strokeWidth":0,"stroke":"black","lineHeight":1.2,"letterSpacing":0}],"width":"auto","height":"auto","background":"#d2d8da","bleed":0}],"unit":"px","dpi":72}