{"width":800,"height":800,"fonts":[],"pages":[{"id":"ekXZ7fV5GW","children":[{"id":"cEZ5POwHgF","type":"text","name":"","x":84.15343585652685,"y":22.293933054396813,"rotation":0,"opacity":1,"blurEnabled":false,"blurRadius":10,"brightnessEnabled":false,"brightness":0,"sepiaEnabled":false,"grayscaleEnabled":false,"shadowEnabled":false,"shadowBlur":5,"shadowOffsetX":0,"shadowOffsetY":0,"shadowColor":"black","shadowOpacity":1,"visible":true,"draggable":true,"selectable":true,"contentEditable":true,"styleEditable":true,"alwaysOnTop":false,"showInExport":true,"text":"Intro to Dance Workshop","placeholder":"","fontSize":64,"fontFamily":"Abril Fatface","fontStyle":"normal","fontWeight":"normal","textDecoration":"","fill":"black","align":"center","width":639,"height":155,"verticalAlign":"middle","strokeWidth":0,"stroke":"black","lineHeight":1.2,"letterSpacing":0},{"id":"FkIDLYUMka","type":"text","name":"","x":42.40460386699063,"y":177.29393305439686,"rotation":0,"opacity":1,"blurEnabled":false,"blurRadius":10,"brightnessEnabled":false,"brightness":0,"sepiaEnabled":false,"grayscaleEnabled":false,"shadowEnabled":false,"shadowBlur":5,"shadowOffsetX":0,"shadowOffsetY":0,"shadowColor":"black","shadowOpacity":1,"visible":true,"draggable":true,"selectable":true,"contentEditable":true,"styleEditable":true,"alwaysOnTop":false,"showInExport":true,"text":"Instructor: ","placeholder":"","fontSize":40,"fontFamily":"Roboto","fontStyle":"normal","fontWeight":"bold","textDecoration":"","fill":"black","align":"left","width":271,"height":49,"verticalAlign":"middle","strokeWidth":0,"stroke":"black","lineHeight":1.2,"letterSpacing":0},{"id":"hNGVk0JEBj","type":"text","name":"","x":42.40460386699066,"y":323.08547061380966,"rotation":0,"opacity":1,"blurEnabled":false,"blurRadius":10,"brightnessEnabled":false,"brightness":0,"sepiaEnabled":false,"grayscaleEnabled":false,"shadowEnabled":false,"shadowBlur":5,"shadowOffsetX":0,"shadowOffsetY":0,"shadowColor":"black","shadowOpacity":1,"visible":true,"draggable":true,"selectable":true,"contentEditable":true,"styleEditable":true,"alwaysOnTop":false,"showInExport":true,"text":"Time: ","placeholder":"","fontSize":39,"fontFamily":"Roboto","fontStyle":"normal","fontWeight":"bold","textDecoration":"","fill":"black","align":"justify","width":165,"height":48,"verticalAlign":"middle","strokeWidth":0,"stroke":"black","lineHeight":1.2,"letterSpacing":0},{"id":"F4NJx1zm7W","type":"text","name":"","x":42.40460386699045,"y":488.7701379442149,"rotation":0,"opacity":1,"blurEnabled":false,"blurRadius":10,"brightnessEnabled":false,"brightness":0,"sepiaEnabled":false,"grayscaleEnabled":false,"shadowEnabled":false,"shadowBlur":5,"shadowOffsetX":0,"shadowOffsetY":0,"shadowColor":"black","shadowOpacity":1,"visible":true,"draggable":true,"selectable":true,"contentEditable":true,"styleEditable":true,"alwaysOnTop":false,"showInExport":true,"text":"Location: ","placeholder":"","fontSize":42,"fontFamily":"Roboto","fontStyle":"normal","fontWeight":"bold","textDecoration":"","fill":"black","align":"left","width":225,"height":52,"verticalAlign":"middle","strokeWidth":0,"stroke":"black","lineHeight":1.2,"letterSpacing":0},{"id":"fS3J9FqcmI","type":"text","name":"","x":68.1534358665273,"y":554.1899852724594,"rotation":0,"opacity":1,"blurEnabled":false,"blurRadius":10,"brightnessEnabled":false,"brightness":0,"sepiaEnabled":false,"grayscaleEnabled":false,"shadowEnabled":false,"shadowBlur":5,"shadowOffsetX":0,"shadowOffsetY":0,"shadowColor":"black","shadowOpacity":1,"visible":true,"draggable":true,"selectable":true,"contentEditable":true,"styleEditable":true,"alwaysOnTop":false,"showInExport":true,"text":"The Dancehouse San Diego","placeholder":"","fontSize":35,"fontFamily":"Roboto","fontStyle":"normal","fontWeight":"normal","textDecoration":"","fill":"black","align":"left","width":397,"height":85,"verticalAlign":"middle","strokeWidth":0,"stroke":"black","lineHeight":1.2,"letterSpacing":0},{"id":"mQc1R_ILS1","type":"text","name":"","x":68.15343586652713,"y":378.40574374079523,"rotation":0,"opacity":1,"blurEnabled":false,"blurRadius":10,"brightnessEnabled":false,"brightness":0,"sepiaEnabled":false,"grayscaleEnabled":false,"shadowEnabled":false,"shadowBlur":5,"shadowOffsetX":0,"shadowOffsetY":0,"shadowColor":"black","shadowOpacity":1,"visible":true,"draggable":true,"selectable":true,"contentEditable":true,"styleEditable":true,"alwaysOnTop":false,"showInExport":true,"text":"Friday, August 19 at 5PM","placeholder":"","fontSize":35,"fontFamily":"Roboto","fontStyle":"normal","fontWeight":"normal","textDecoration":"","fill":"black","align":"left","width":369,"height":85,"verticalAlign":"middle","strokeWidth":0,"stroke":"black","lineHeight":1.2,"letterSpacing":0},{"id":"nFBFHE4I2s","type":"text","name":"","x":68.15343586652725,"y":226.2939330543968,"rotation":0,"opacity":1,"blurEnabled":false,"blurRadius":10,"brightnessEnabled":false,"brightness":0,"sepiaEnabled":false,"grayscaleEnabled":false,"shadowEnabled":false,"shadowBlur":5,"shadowOffsetX":0,"shadowOffsetY":0,"shadowColor":"black","shadowOpacity":1,"visible":true,"draggable":true,"selectable":true,"contentEditable":true,"styleEditable":true,"alwaysOnTop":false,"showInExport":true,"text":"Kaycee Smith","placeholder":"","fontSize":35,"fontFamily":"Roboto","fontStyle":"normal","fontWeight":"normal","textDecoration":"","fill":"black","align":"left","width":400,"height":43,"verticalAlign":"middle","strokeWidth":0,"stroke":"black","lineHeight":1.2,"letterSpacing":0},{"id":"vKgv1JUjO-","type":"text","name":"","x":68.15343586652716,"y":675.5640310739859,"rotation":0,"opacity":1,"blurEnabled":false,"blurRadius":10,"brightnessEnabled":false,"brightness":0,"sepiaEnabled":false,"grayscaleEnabled":false,"shadowEnabled":false,"shadowBlur":5,"shadowOffsetX":0,"shadowOffsetY":0,"shadowColor":"black","shadowOpacity":1,"visible":true,"draggable":true,"selectable":true,"contentEditable":true,"styleEditable":true,"alwaysOnTop":false,"showInExport":true,"text":"Come join us for a fun, beginner-friendly dance workshop!","placeholder":"","fontSize":45,"fontFamily":"Abril Fatface","fontStyle":"normal","fontWeight":"normal","textDecoration":"","fill":"black","align":"left","width":832,"height":109,"verticalAlign":"middle","strokeWidth":0,"stroke":"black","lineHeight":1.2,"letterSpacing":0},{"id":"ekHW52KFjN","type":"image","name":"","x":465.15343586652614,"y":187.98095595516023,"rotation":0,"opacity":1,"blurEnabled":false,"blurRadius":10,"brightnessEnabled":false,"brightness":0,"sepiaEnabled":false,"grayscaleEnabled":false,"shadowEnabled":false,"shadowBlur":5,"shadowOffsetX":0,"shadowOffsetY":0,"shadowColor":"black","shadowOpacity":1,"visible":true,"draggable":true,"selectable":true,"contentEditable":true,"styleEditable":true,"alwaysOnTop":false,"showInExport":true,"width":334.8465641334727,"height":451.2090293172991,"src":"./photos/dance/f10.png","cropX":0.284,"cropY":0,"cropWidth":0.48280952097769864,"cropHeight":0.97686271002005,"cornerRadius":0,"flipX":false,"flipY":false,"clipSrc":"","borderColor":"black","borderSize":0}],"width":"auto","height":"auto","background":"#dba3f3","bleed":0}],"unit":"px","dpi":72}