{"width":800,"height":800,"fonts":[],"pages":[{"id":"gG8W7B5iAc","children":[{"id":"nz8zBoz06D","type":"image","name":"","x":0,"y":0,"rotation":0,"opacity":0,"blurEnabled":false,"blurRadius":10,"brightnessEnabled":false,"brightness":0,"sepiaEnabled":false,"grayscaleEnabled":false,"shadowEnabled":false,"shadowBlur":5,"shadowOffsetX":0,"shadowOffsetY":0,"shadowColor":"black","shadowOpacity":1,"visible":true,"draggable":false,"selectable":false,"contentEditable":false,"styleEditable":false,"alwaysOnTop":true,"showInExport":true,"width":800,"height":800,"src":"data:image/png;base64,iVBORw0KGgoAAAANSUhEUgAAAAEAAAABCAQAAAC1HAwCAAAAC0lEQVR42mNgYAAAAAMAASsJTYQAAAAASUVORK5CYII=","cropX":0,"cropY":0,"cropWidth":1,"cropHeight":1,"cornerRadius":0,"flipX":false,"flipY":false,"clipSrc":"","borderColor":"black","borderSize":0},{"id":"kGcHXZylmp","type":"text","name":"","x":91.58997404898938,"y":82.75616746117312,"rotation":0,"opacity":1,"blurEnabled":false,"blurRadius":10,"brightnessEnabled":false,"brightness":0,"sepiaEnabled":false,"grayscaleEnabled":false,"shadowEnabled":false,"shadowBlur":5,"shadowOffsetX":0,"shadowOffsetY":0,"shadowColor":"black","shadowOpacity":1,"visible":true,"draggable":true,"selectable":true,"contentEditable":true,"styleEditable":true,"alwaysOnTop":false,"showInExport":true,"text":"Intro to Dance Workshop","placeholder":"","fontSize":43,"fontFamily":"Galada","fontStyle":"normal","fontWeight":"normal","textDecoration":"","fill":"rgba(126,28,212,1)","align":"center","width":636,"height":53,"verticalAlign":"top","strokeWidth":0,"stroke":"black","lineHeight":1.2,"letterSpacing":0},{"id":"QhI6xjko7a","type":"text","name":"","x":352.30097150144474,"y":346.0574214057866,"rotation":0,"opacity":1,"blurEnabled":false,"blurRadius":10,"brightnessEnabled":false,"brightness":0,"sepiaEnabled":false,"grayscaleEnabled":false,"shadowEnabled":false,"shadowBlur":5,"shadowOffsetX":0,"shadowOffsetY":0,"shadowColor":"black","shadowOpacity":1,"visible":true,"draggable":true,"selectable":true,"contentEditable":true,"styleEditable":true,"alwaysOnTop":false,"showInExport":true,"text":"Friday, August 19 at 5PM","placeholder":"","fontSize":22,"fontFamily":"Galada","fontStyle":"normal","fontWeight":"normal","textDecoration":"","fill":"rgba(186,133,195,1)","align":"left","width":274,"height":28,"verticalAlign":"top","strokeWidth":0,"stroke":"black","lineHeight":1.2,"letterSpacing":0},{"id":"rXAXtqvFHD","type":"text","name":"","x":212.65815477946649,"y":346.0574214057866,"rotation":0,"opacity":1,"blurEnabled":false,"blurRadius":10,"brightnessEnabled":false,"brightness":0,"sepiaEnabled":false,"grayscaleEnabled":false,"shadowEnabled":false,"shadowBlur":5,"shadowOffsetX":0,"shadowOffsetY":0,"shadowColor":"black","shadowOpacity":1,"visible":true,"draggable":true,"selectable":true,"contentEditable":true,"styleEditable":true,"alwaysOnTop":false,"showInExport":true,"text":"Kaycee Smith","placeholder":"","fontSize":20,"fontFamily":"Galada","fontStyle":"normal","fontWeight":"normal","textDecoration":"","fill":"rgba(186,133,195,1)","align":"left","width":140,"height":25,"verticalAlign":"top","strokeWidth":0,"stroke":"black","lineHeight":1.2,"letterSpacing":0},{"id":"bSdkIUSpIE","type":"text","name":"","x":176.27621483375967,"y":166.44670454557235,"rotation":0,"opacity":1,"blurEnabled":false,"blurRadius":10,"brightnessEnabled":false,"brightness":0,"sepiaEnabled":false,"grayscaleEnabled":false,"shadowEnabled":false,"shadowBlur":5,"shadowOffsetX":0,"shadowOffsetY":0,"shadowColor":"black","shadowOpacity":1,"visible":true,"draggable":true,"selectable":true,"contentEditable":true,"styleEditable":true,"alwaysOnTop":false,"showInExport":true,"text":"Come join us for a fun, beginner-friendly dance workshop!","placeholder":"","fontSize":37,"fontFamily":"Galada","fontStyle":"normal","fontWeight":"bold","textDecoration":"","fill":"rgba(144,19,254,1)","align":"center","width":460,"height":90,"verticalAlign":"top","strokeWidth":0,"stroke":"black","lineHeight":1.2,"letterSpacing":0},{"id":"ejawmzVgu5","type":"image","name":"","x":-100.2557544757039,"y":166.44670454557237,"rotation":0,"opacity":0.63,"blurEnabled":false,"blurRadius":10,"brightnessEnabled":false,"brightness":0,"sepiaEnabled":false,"grayscaleEnabled":false,"shadowEnabled":false,"shadowBlur":5,"shadowOffsetX":0,"shadowOffsetY":0,"shadowColor":"black","shadowOpacity":1,"visible":true,"draggable":true,"selectable":true,"contentEditable":true,"styleEditable":true,"alwaysOnTop":false,"showInExport":true,"width":408.90025575447424,"height":831.4066496163589,"src":"../elements/f5.png","cropX":0.13148148148148092,"cropY":0.1983731173628871,"cropWidth":0.3786113479208071,"cropHeight":0.769820971866994,"cornerRadius":0,"flipX":false,"flipY":false,"clipSrc":"","borderColor":"black","borderSize":0},{"id":"swGiINdlCd","type":"text","name":"","x":207.5,"y":283.3759590792843,"rotation":0,"opacity":1,"blurEnabled":false,"blurRadius":10,"brightnessEnabled":false,"brightness":0,"sepiaEnabled":false,"grayscaleEnabled":false,"shadowEnabled":false,"shadowBlur":5,"shadowOffsetX":0,"shadowOffsetY":0,"shadowColor":"black","shadowOpacity":1,"visible":true,"draggable":true,"selectable":true,"contentEditable":true,"styleEditable":true,"alwaysOnTop":false,"showInExport":true,"text":"The  Dancehouse San Diego","placeholder":"","fontSize":31,"fontFamily":"Oleo Script","fontStyle":"normal","fontWeight":"normal","textDecoration":"","fill":"rgba(164,92,230,1)","align":"center","width":385,"height":39,"verticalAlign":"top","strokeWidth":0,"stroke":"black","lineHeight":1.2,"letterSpacing":0},{"id":"cmXrZLULE9","type":"image","name":"","x":159.5899740589893,"y":405.11508951406654,"rotation":0,"opacity":1,"blurEnabled":false,"blurRadius":10,"brightnessEnabled":true,"brightness":0.13,"sepiaEnabled":false,"grayscaleEnabled":false,"shadowEnabled":false,"shadowBlur":5,"shadowOffsetX":0,"shadowOffsetY":0,"shadowColor":"black","shadowOpacity":1,"visible":true,"draggable":true,"selectable":true,"contentEditable":true,"styleEditable":true,"alwaysOnTop":false,"showInExport":true,"width":500,"height":333,"src":"../photos/dance/f15.png","cropX":0,"cropY":0,"cropWidth":1,"cropHeight":1,"cornerRadius":83.25,"flipX":false,"flipY":false,"clipSrc":"","borderColor":"rgba(126,28,212,1)","borderSize":17}],"width":"auto","height":"auto","background":"white","bleed":0}],"unit":"px","dpi":72}