{"width":800,"height":800,"fonts":[],"pages":[{"id":"yWbiy8Ee2b","children":[{"id":"wFYCoF9pnM","type":"text","name":"","x":204.44444444444431,"y":107.13374798908278,"rotation":0,"opacity":1,"blurEnabled":false,"blurRadius":10,"brightnessEnabled":false,"brightness":0,"sepiaEnabled":false,"grayscaleEnabled":false,"shadowEnabled":false,"shadowBlur":5,"shadowOffsetX":0,"shadowOffsetY":0,"shadowColor":"black","shadowOpacity":1,"visible":true,"draggable":true,"selectable":true,"contentEditable":true,"styleEditable":true,"alwaysOnTop":false,"showInExport":true,"text":"Intro to Dance Workshop","placeholder":"","fontSize":56,"fontFamily":"Roboto","fontStyle":"normal","fontWeight":"normal","textDecoration":"","fill":"black","align":"center","width":392,"height":136,"verticalAlign":"top","strokeWidth":0,"stroke":"black","lineHeight":1.2,"letterSpacing":0},{"id":"nl-vnyTBTC","type":"text","name":"","x":163.605551179473,"y":269.9822932054148,"rotation":0,"opacity":1,"blurEnabled":false,"blurRadius":10,"brightnessEnabled":false,"brightness":0,"sepiaEnabled":false,"grayscaleEnabled":false,"shadowEnabled":false,"shadowBlur":5,"shadowOffsetX":0,"shadowOffsetY":0,"shadowColor":"black","shadowOpacity":1,"visible":true,"draggable":true,"selectable":true,"contentEditable":true,"styleEditable":true,"alwaysOnTop":false,"showInExport":true,"text":"Come join us for a fun, beginner-friendly dance workshop!","placeholder":"","fontSize":31,"fontFamily":"Roboto","fontStyle":"normal","fontWeight":"normal","textDecoration":"","fill":"black","align":"center","width":501.48148148148147,"height":76,"verticalAlign":"top","strokeWidth":0,"stroke":"black","lineHeight":1.2,"letterSpacing":0},{"id":"ILlz0zbWUe","type":"text","name":"","x":254.99999999999972,"y":418.20286496847245,"rotation":0,"opacity":1,"blurEnabled":false,"blurRadius":10,"brightnessEnabled":false,"brightness":0,"sepiaEnabled":false,"grayscaleEnabled":false,"shadowEnabled":false,"shadowBlur":5,"shadowOffsetX":0,"shadowOffsetY":0,"shadowColor":"black","shadowOpacity":1,"visible":true,"draggable":true,"selectable":true,"contentEditable":true,"styleEditable":true,"alwaysOnTop":false,"showInExport":true,"text":"The Dancehouse San Diego","placeholder":"","fontSize":21,"fontFamily":"Roboto","fontStyle":"italic","fontWeight":"normal","textDecoration":"","fill":"black","align":"center","width":290,"height":27,"verticalAlign":"top","strokeWidth":0,"stroke":"black","lineHeight":1.2,"letterSpacing":0},{"id":"AdHrFvqo5Y","type":"text","name":"","x":282.4999999999999,"y":373,"rotation":0,"opacity":1,"blurEnabled":false,"blurRadius":10,"brightnessEnabled":false,"brightness":0,"sepiaEnabled":false,"grayscaleEnabled":false,"shadowEnabled":false,"shadowBlur":5,"shadowOffsetX":0,"shadowOffsetY":0,"shadowColor":"black","shadowOpacity":1,"visible":true,"draggable":true,"selectable":true,"contentEditable":true,"styleEditable":true,"alwaysOnTop":false,"showInExport":true,"text":"Friday, August 19 at 5PM","placeholder":"","fontSize":21,"fontFamily":"Roboto","fontStyle":"normal","fontWeight":"bold","textDecoration":"","fill":"black","align":"center","width":235,"height":27,"verticalAlign":"top","strokeWidth":0,"stroke":"black","lineHeight":1.2,"letterSpacing":0},{"id":"M3VnTnRhlJ","type":"text","name":"","x":311.9999999949996,"y":461.48896028022654,"rotation":0,"opacity":1,"blurEnabled":false,"blurRadius":10,"brightnessEnabled":false,"brightness":0,"sepiaEnabled":false,"grayscaleEnabled":false,"shadowEnabled":false,"shadowBlur":5,"shadowOffsetX":0,"shadowOffsetY":0,"shadowColor":"black","shadowOpacity":1,"visible":true,"draggable":true,"selectable":true,"contentEditable":true,"styleEditable":true,"alwaysOnTop":false,"showInExport":true,"text":"Kaycee Smith","placeholder":"","fontSize":21,"fontFamily":"Roboto","fontStyle":"italic","fontWeight":"normal","textDecoration":" underline","fill":"black","align":"center","width":176,"height":27,"verticalAlign":"top","strokeWidth":0,"stroke":"black","lineHeight":1.2,"letterSpacing":0},{"id":"annotation-layer","type":"image","name":"","x":0,"y":0,"rotation":0,"opacity":0,"blurEnabled":false,"blurRadius":10,"brightnessEnabled":false,"brightness":0,"sepiaEnabled":false,"grayscaleEnabled":false,"shadowEnabled":false,"shadowBlur":5,"shadowOffsetX":0,"shadowOffsetY":0,"shadowColor":"black","shadowOpacity":1,"visible":true,"draggable":false,"selectable":false,"contentEditable":false,"styleEditable":false,"alwaysOnTop":true,"showInExport":true,"width":800,"height":800,"src":"data:image/png;base64,iVBORw0KGgoAAAANSUhEUgAAAAEAAAABCAQAAAC1HAwCAAAAC0lEQVR42mNgYAAAAAMAASsJTYQAAAAASUVORK5CYII=","cropX":0,"cropY":0,"cropWidth":1,"cropHeight":1,"cornerRadius":0,"flipX":false,"flipY":false,"clipSrc":"","borderColor":"black","borderSize":0}],"width":"auto","height":"auto","background":"white","bleed":0}],"unit":"px","dpi":72}