{"width":800,"height":800,"fonts":[],"pages":[{"id":"yWbiy8Ee2b","children":[{"id":"T6QkA8j3ao","type":"image","name":"","x":15.184676636911579,"y":227.0851866653001,"rotation":0,"opacity":1,"blurEnabled":false,"blurRadius":10,"brightnessEnabled":false,"brightness":0,"sepiaEnabled":false,"grayscaleEnabled":false,"shadowEnabled":false,"shadowBlur":5,"shadowOffsetX":0,"shadowOffsetY":0,"shadowColor":"black","shadowOpacity":1,"visible":true,"draggable":true,"selectable":true,"contentEditable":true,"styleEditable":true,"alwaysOnTop":false,"showInExport":true,"width":372.30521436669324,"height":306.378483044745,"src":"../photos/dance/f18.png","cropX":0,"cropY":0,"cropWidth":0.6659999999999999,"cropHeight":0.8229228902042309,"cornerRadius":0,"flipX":false,"flipY":false,"clipSrc":"","borderColor":"black","borderSize":0},{"id":"wFYCoF9pnM","type":"text","name":"","x":264.99999999,"y":27.96075375712003,"rotation":0,"opacity":1,"blurEnabled":false,"blurRadius":10,"brightnessEnabled":false,"brightness":0,"sepiaEnabled":false,"grayscaleEnabled":false,"shadowEnabled":false,"shadowBlur":5,"shadowOffsetX":0,"shadowOffsetY":0,"shadowColor":"black","shadowOpacity":1,"visible":true,"draggable":true,"selectable":true,"contentEditable":true,"styleEditable":true,"alwaysOnTop":false,"showInExport":true,"text":"Intro to Dance Workshop","placeholder":"","fontSize":45,"fontFamily":"Bungee","fontStyle":"normal","fontWeight":"normal","textDecoration":"","fill":"rgba(0,0,0,1)","align":"center","width":270,"height":163,"verticalAlign":"top","strokeWidth":0,"stroke":"black","lineHeight":1.2,"letterSpacing":0},{"id":"nl-vnyTBTC","type":"text","name":"","x":149.25925923425925,"y":563.2844992907827,"rotation":0,"opacity":1,"blurEnabled":false,"blurRadius":10,"brightnessEnabled":false,"brightness":0,"sepiaEnabled":false,"grayscaleEnabled":false,"shadowEnabled":false,"shadowBlur":5,"shadowOffsetX":0,"shadowOffsetY":0,"shadowColor":"black","shadowOpacity":1,"visible":true,"draggable":true,"selectable":true,"contentEditable":true,"styleEditable":true,"alwaysOnTop":false,"showInExport":true,"text":"Come join us for a fun, beginner-friendly dance workshop!","placeholder":"","fontSize":37,"fontFamily":"Archivo Narrow","fontStyle":"normal","fontWeight":"normal","textDecoration":"","fill":"rgba(0,0,0,1)","align":"center","width":501.48148148148147,"height":90,"verticalAlign":"top","strokeWidth":0,"stroke":"black","lineHeight":1.2,"letterSpacing":0},{"id":"ILlz0zbWUe","type":"text","name":"","x":220.27650554725716,"y":660.4560086441461,"rotation":0,"opacity":1,"blurEnabled":false,"blurRadius":10,"brightnessEnabled":false,"brightness":0,"sepiaEnabled":false,"grayscaleEnabled":false,"shadowEnabled":false,"shadowBlur":5,"shadowOffsetX":0,"shadowOffsetY":0,"shadowColor":"black","shadowOpacity":1,"visible":true,"draggable":true,"selectable":true,"contentEditable":true,"styleEditable":true,"alwaysOnTop":false,"showInExport":true,"text":"The Dancehouse San Diego","placeholder":"","fontSize":25,"fontFamily":"Archivo Narrow","fontStyle":"normal","fontWeight":"normal","textDecoration":" underline","fill":"rgba(0,0,0,1)","align":"center","width":377,"height":31,"verticalAlign":"top","strokeWidth":0,"stroke":"black","lineHeight":1.2,"letterSpacing":0},{"id":"AdHrFvqo5Y","type":"text","name":"","x":255.86350091395707,"y":701.000332894785,"rotation":0,"opacity":1,"blurEnabled":false,"blurRadius":10,"brightnessEnabled":false,"brightness":0,"sepiaEnabled":false,"grayscaleEnabled":false,"shadowEnabled":false,"shadowBlur":5,"shadowOffsetX":0,"shadowOffsetY":0,"shadowColor":"black","shadowOpacity":1,"visible":true,"draggable":true,"selectable":true,"contentEditable":true,"styleEditable":true,"alwaysOnTop":false,"showInExport":true,"text":"Friday, August 19 at 5PM","placeholder":"","fontSize":23,"fontFamily":"Archivo Narrow","fontStyle":"normal","fontWeight":"bold","textDecoration":"","fill":"rgba(0,0,0,1)","align":"center","width":295,"height":29,"verticalAlign":"top","strokeWidth":0,"stroke":"black","lineHeight":1.2,"letterSpacing":0},{"id":"M3VnTnRhlJ","type":"text","name":"","x":315.3635009089569,"y":735.0715595113762,"rotation":0,"opacity":1,"blurEnabled":false,"blurRadius":10,"brightnessEnabled":false,"brightness":0,"sepiaEnabled":false,"grayscaleEnabled":false,"shadowEnabled":false,"shadowBlur":5,"shadowOffsetX":0,"shadowOffsetY":0,"shadowColor":"black","shadowOpacity":1,"visible":true,"draggable":true,"selectable":true,"contentEditable":true,"styleEditable":true,"alwaysOnTop":false,"showInExport":true,"text":"Kaycee Smith","placeholder":"","fontSize":21,"fontFamily":"Archivo Narrow","fontStyle":"italic","fontWeight":"normal","textDecoration":"","fill":"rgba(0,0,0,1)","align":"center","width":176,"height":27,"verticalAlign":"top","strokeWidth":0,"stroke":"black","lineHeight":1.2,"letterSpacing":0},{"id":"AfjfwLsd_B","type":"image","name":"","x":520.8823727022045,"y":-28.339290202140347,"rotation":0,"opacity":1,"blurEnabled":false,"blurRadius":10,"brightnessEnabled":false,"brightness":0,"sepiaEnabled":false,"grayscaleEnabled":false,"shadowEnabled":false,"shadowBlur":5,"shadowOffsetX":0,"shadowOffsetY":0,"shadowColor":"black","shadowOpacity":1,"visible":true,"draggable":true,"selectable":true,"contentEditable":true,"styleEditable":true,"alwaysOnTop":false,"showInExport":true,"width":287.5125603073729,"height":287.51256030737306,"src":"../elements/f3.png","cropX":0,"cropY":0,"cropWidth":0.9999999999999991,"cropHeight":0.9999999999999998,"cornerRadius":0,"flipX":false,"flipY":false,"clipSrc":"","borderColor":"black","borderSize":0},{"id":"S-jZagmnC-","type":"image","name":"","x":411.7238933276566,"y":224.7017277095611,"rotation":0,"opacity":1,"blurEnabled":false,"blurRadius":10,"brightnessEnabled":false,"brightness":0,"sepiaEnabled":false,"grayscaleEnabled":false,"shadowEnabled":false,"shadowBlur":5,"shadowOffsetX":0,"shadowOffsetY":0,"shadowColor":"black","shadowOpacity":1,"visible":true,"draggable":true,"selectable":true,"contentEditable":true,"styleEditable":true,"alwaysOnTop":false,"showInExport":true,"width":374.4656330030927,"height":308.90366359297167,"src":"../photos/dance/f2.png","cropX":0,"cropY":0,"cropWidth":0.8073523916138303,"cropHeight":1,"cornerRadius":0,"flipX":false,"flipY":false,"clipSrc":"","borderColor":"black","borderSize":0},{"id":"lT3x8E-pLm","type":"image","name":"","x":-6.276513624854179,"y":-27.76663685850632,"rotation":0,"opacity":1,"blurEnabled":false,"blurRadius":10,"brightnessEnabled":false,"brightness":0,"sepiaEnabled":false,"grayscaleEnabled":false,"shadowEnabled":false,"shadowBlur":5,"shadowOffsetX":0,"shadowOffsetY":0,"shadowColor":"black","shadowOpacity":1,"visible":true,"draggable":true,"selectable":true,"contentEditable":true,"styleEditable":true,"alwaysOnTop":false,"showInExport":true,"width":294.7621866296839,"height":294.7621866296839,"src":"../elements/f22.png","cropX":0,"cropY":0,"cropWidth":0.9999999999999998,"cropHeight":0.9999999999999998,"cornerRadius":0,"flipX":false,"flipY":false,"clipSrc":"","borderColor":"black","borderSize":0}],"width":"auto","height":"auto","background":"#f29cb5","bleed":0}],"unit":"px","dpi":72}