{"width":800,"height":800,"fonts":[],"pages":[{"id":"yWbiy8Ee2b","children":[{"id":"o_qI-QVyYx","type":"image","name":"","x":0,"y":0,"rotation":0,"opacity":1,"blurEnabled":false,"blurRadius":10,"brightnessEnabled":false,"brightness":0,"sepiaEnabled":false,"grayscaleEnabled":false,"shadowEnabled":false,"shadowBlur":5,"shadowOffsetX":0,"shadowOffsetY":0,"shadowColor":"black","shadowOpacity":1,"visible":true,"draggable":false,"selectable":true,"contentEditable":false,"styleEditable":false,"alwaysOnTop":false,"showInExport":true,"width":800,"height":800,"src":"../photos/dance/f8.png","cropX":0,"cropY":0,"cropWidth":0.668,"cropHeight":1,"cornerRadius":0,"flipX":false,"flipY":false,"clipSrc":"","borderColor":"black","borderSize":0},{"id":"annotation-layer","type":"image","name":"","x":0,"y":0,"rotation":0,"opacity":0,"blurEnabled":false,"blurRadius":10,"brightnessEnabled":false,"brightness":0,"sepiaEnabled":false,"grayscaleEnabled":false,"shadowEnabled":false,"shadowBlur":5,"shadowOffsetX":0,"shadowOffsetY":0,"shadowColor":"black","shadowOpacity":1,"visible":true,"draggable":false,"selectable":false,"contentEditable":false,"styleEditable":false,"alwaysOnTop":true,"showInExport":true,"width":800,"height":800,"src":"data:image/png;base64,iVBORw0KGgoAAAANSUhEUgAAAAEAAAABCAQAAAC1HAwCAAAAC0lEQVR42mNgYAAAAAMAASsJTYQAAAAASUVORK5CYII=","cropX":0,"cropY":0,"cropWidth":1,"cropHeight":1,"cornerRadius":0,"flipX":false,"flipY":false,"clipSrc":"","borderColor":"black","borderSize":0},{"id":"nsbx3BHPtr","type":"svg","name":"","x":212.3074737241261,"y":235.99744245524246,"rotation":0,"opacity":1,"blurEnabled":false,"blurRadius":10,"brightnessEnabled":false,"brightness":0,"sepiaEnabled":false,"grayscaleEnabled":false,"shadowEnabled":false,"shadowBlur":5,"shadowOffsetX":0,"shadowOffsetY":0,"shadowColor":"black","shadowOpacity":1,"visible":true,"draggable":true,"selectable":true,"contentEditable":true,"styleEditable":true,"alwaysOnTop":false,"showInExport":true,"src":"data:image/svg+xml;base64,PHN2ZyB4bWxucz0iaHR0cDovL3d3dy53My5vcmcvMjAwMC9zdmciIHZpZXdCb3g9IjAgMCA2MCA2MCI+PHJlY3QgeD0iMCIgeT0iMCIgd2lkdGg9IjYwIiBoZWlnaHQ9IjYwIiBmaWxsPSJyZ2IoMCwgMTYxLCAyNTUpIiAvPjwvc3ZnPg==","maskSrc":"","cropX":0,"cropY":0,"cropWidth":1,"cropHeight":1,"keepRatio":false,"flipX":false,"flipY":false,"width":383.2480818414295,"height":150,"borderColor":"black","borderSize":0,"colorsReplace":{"rgb(0, 161, 255)":"rgba(255,255,255,1)"}},{"id":"wFYCoF9pnM","type":"text","name":"","x":204.4444444444445,"y":256.4974424552425,"rotation":0,"opacity":1,"blurEnabled":false,"blurRadius":10,"brightnessEnabled":false,"brightness":0,"sepiaEnabled":false,"grayscaleEnabled":false,"shadowEnabled":false,"shadowBlur":5,"shadowOffsetX":0,"shadowOffsetY":0,"shadowColor":"black","shadowOpacity":1,"visible":true,"draggable":true,"selectable":true,"contentEditable":true,"styleEditable":true,"alwaysOnTop":false,"showInExport":true,"text":"Intro to Dance Workshop","placeholder":"","fontSize":45,"fontFamily":"Roboto","fontStyle":"normal","fontWeight":"normal","textDecoration":"","fill":"black","align":"center","width":391.1111111111111,"height":109,"verticalAlign":"top","strokeWidth":0,"stroke":"black","lineHeight":1.2,"letterSpacing":0},{"id":"vHeCHOajbg","type":"svg","name":"","x":212.30747372412674,"y":412.9795396419434,"rotation":0,"opacity":1,"blurEnabled":false,"blurRadius":10,"brightnessEnabled":false,"brightness":0,"sepiaEnabled":false,"grayscaleEnabled":false,"shadowEnabled":false,"shadowBlur":5,"shadowOffsetX":0,"shadowOffsetY":0,"shadowColor":"black","shadowOpacity":1,"visible":true,"draggable":true,"selectable":true,"contentEditable":true,"styleEditable":true,"alwaysOnTop":false,"showInExport":true,"src":"data:image/svg+xml;base64,PHN2ZyB4bWxucz0iaHR0cDovL3d3dy53My5vcmcvMjAwMC9zdmciIHZpZXdCb3g9IjAgMCA2MCA2MCI+PHJlY3QgeD0iMCIgeT0iMCIgd2lkdGg9IjYwIiBoZWlnaHQ9IjYwIiBmaWxsPSJyZ2IoMCwgMTYxLCAyNTUpIiAvPjwvc3ZnPg==","maskSrc":"","cropX":0,"cropY":0,"cropWidth":1,"cropHeight":1,"keepRatio":false,"flipX":false,"flipY":false,"width":383.24808184142876,"height":75.86246093640189,"borderColor":"black","borderSize":0,"colorsReplace":{"rgb(0, 161, 255)":"rgba(255,255,255,1)"}},{"id":"nl-vnyTBTC","type":"text","name":"","x":209.5555555655557,"y":420.41077011014437,"rotation":0,"opacity":1,"blurEnabled":false,"blurRadius":10,"brightnessEnabled":false,"brightness":0,"sepiaEnabled":false,"grayscaleEnabled":false,"shadowEnabled":false,"shadowBlur":5,"shadowOffsetX":0,"shadowOffsetY":0,"shadowColor":"black","shadowOpacity":1,"visible":true,"draggable":true,"selectable":true,"contentEditable":true,"styleEditable":true,"alwaysOnTop":false,"showInExport":true,"text":"Come join us for a fun, beginner-friendly dance workshop! ","placeholder":"","fontSize":25,"fontFamily":"Roboto","fontStyle":"normal","fontWeight":"normal","textDecoration":"","fill":"black","align":"center","width":386,"height":61,"verticalAlign":"top","strokeWidth":0,"stroke":"black","lineHeight":1.2,"letterSpacing":0},{"id":"N-9grycEax","type":"svg","name":"","x":20.082409785509032,"y":732.487696499531,"rotation":0,"opacity":1,"blurEnabled":false,"blurRadius":10,"brightnessEnabled":false,"brightness":0,"sepiaEnabled":false,"grayscaleEnabled":false,"shadowEnabled":false,"shadowBlur":5,"shadowOffsetX":0,"shadowOffsetY":0,"shadowColor":"black","shadowOpacity":1,"visible":true,"draggable":true,"selectable":true,"contentEditable":true,"styleEditable":true,"alwaysOnTop":false,"showInExport":true,"src":"data:image/svg+xml;base64,PHN2ZyB4bWxucz0iaHR0cDovL3d3dy53My5vcmcvMjAwMC9zdmciIHZpZXdCb3g9IjAgMCA2MCA2MCI+PHJlY3QgeD0iMCIgeT0iMCIgd2lkdGg9IjYwIiBoZWlnaHQ9IjYwIiBmaWxsPSJyZ2IoMCwgMTYxLCAyNTUpIiAvPjwvc3ZnPg==","maskSrc":"","cropX":0,"cropY":0,"cropWidth":1,"cropHeight":1,"keepRatio":false,"flipX":false,"flipY":false,"width":230.83038329902868,"height":43.876883000645094,"borderColor":"black","borderSize":0,"colorsReplace":{"rgb(0, 161, 255)":"rgba(255,255,255,1)"}},{"id":"AdHrFvqo5Y","type":"text","name":"","x":23.082409780508954,"y":741.4261379998544,"rotation":0,"opacity":1,"blurEnabled":false,"blurRadius":10,"brightnessEnabled":false,"brightness":0,"sepiaEnabled":false,"grayscaleEnabled":false,"shadowEnabled":false,"shadowBlur":5,"shadowOffsetX":0,"shadowOffsetY":0,"shadowColor":"black","shadowOpacity":1,"visible":true,"draggable":true,"selectable":true,"contentEditable":true,"styleEditable":true,"alwaysOnTop":false,"showInExport":true,"text":"Friday, August 19 at 5PM","placeholder":"","fontSize":20,"fontFamily":"Roboto","fontStyle":"normal","fontWeight":"bold","textDecoration":"","fill":"black","align":"left","width":234,"height":25,"verticalAlign":"top","strokeWidth":0,"stroke":"black","lineHeight":1.2,"letterSpacing":0},{"id":"SGeNGRHV3-","type":"svg","name":"","x":100.08240978550897,"y":812.4876964995317,"rotation":0,"opacity":1,"blurEnabled":false,"blurRadius":10,"brightnessEnabled":false,"brightness":0,"sepiaEnabled":false,"grayscaleEnabled":false,"shadowEnabled":false,"shadowBlur":5,"shadowOffsetX":0,"shadowOffsetY":0,"shadowColor":"black","shadowOpacity":1,"visible":true,"draggable":true,"selectable":true,"contentEditable":true,"styleEditable":true,"alwaysOnTop":false,"showInExport":true,"src":"data:image/svg+xml;base64,PHN2ZyB4bWxucz0iaHR0cDovL3d3dy53My5vcmcvMjAwMC9zdmciIHZpZXdCb3g9IjAgMCA2MCA2MCI+PHJlY3QgeD0iMCIgeT0iMCIgd2lkdGg9IjYwIiBoZWlnaHQ9IjYwIiBmaWxsPSJyZ2IoMCwgMTYxLCAyNTUpIiAvPjwvc3ZnPg==","maskSrc":"","cropX":0,"cropY":0,"cropWidth":1,"cropHeight":1,"keepRatio":false,"flipX":false,"flipY":false,"width":221.66076659805748,"height":43.876883000645094,"borderColor":"black","borderSize":0,"colorsReplace":{"rgb(0, 161, 255)":"rgba(255,255,255,1)"}},{"id":"N2DAJnH4W5","type":"svg","name":"","x":140.08240978550896,"y":852.4876964995317,"rotation":0,"opacity":1,"blurEnabled":false,"blurRadius":10,"brightnessEnabled":false,"brightness":0,"sepiaEnabled":false,"grayscaleEnabled":false,"shadowEnabled":false,"shadowBlur":5,"shadowOffsetX":0,"shadowOffsetY":0,"shadowColor":"black","shadowOpacity":1,"visible":true,"draggable":true,"selectable":true,"contentEditable":true,"styleEditable":true,"alwaysOnTop":false,"showInExport":true,"src":"data:image/svg+xml;base64,PHN2ZyB4bWxucz0iaHR0cDovL3d3dy53My5vcmcvMjAwMC9zdmciIHZpZXdCb3g9IjAgMCA2MCA2MCI+PHJlY3QgeD0iMCIgeT0iMCIgd2lkdGg9IjYwIiBoZWlnaHQ9IjYwIiBmaWxsPSJyZ2IoMCwgMTYxLCAyNTUpIiAvPjwvc3ZnPg==","maskSrc":"","cropX":0,"cropY":0,"cropWidth":1,"cropHeight":1,"keepRatio":false,"flipX":false,"flipY":false,"width":221.66076659805748,"height":43.876883000645094,"borderColor":"black","borderSize":0,"colorsReplace":{"rgb(0, 161, 255)":"rgba(255,255,255,1)"}},{"id":"nQVE7Pxtud","type":"svg","name":"","x":287.14036391604134,"y":732.487696499531,"rotation":0,"opacity":1,"blurEnabled":false,"blurRadius":10,"brightnessEnabled":false,"brightness":0,"sepiaEnabled":false,"grayscaleEnabled":false,"shadowEnabled":false,"shadowBlur":5,"shadowOffsetX":0,"shadowOffsetY":0,"shadowColor":"black","shadowOpacity":1,"visible":true,"draggable":true,"selectable":true,"contentEditable":true,"styleEditable":true,"alwaysOnTop":false,"showInExport":true,"src":"data:image/svg+xml;base64,PHN2ZyB4bWxucz0iaHR0cDovL3d3dy53My5vcmcvMjAwMC9zdmciIHZpZXdCb3g9IjAgMCA2MCA2MCI+PHJlY3QgeD0iMCIgeT0iMCIgd2lkdGg9IjYwIiBoZWlnaHQ9IjYwIiBmaWxsPSJyZ2IoMCwgMTYxLCAyNTUpIiAvPjwvc3ZnPg==","maskSrc":"","cropX":0,"cropY":0,"cropWidth":1,"cropHeight":1,"keepRatio":false,"flipX":false,"flipY":false,"width":230.83038329902868,"height":43.876883000645094,"borderColor":"black","borderSize":0,"colorsReplace":{"rgb(0, 161, 255)":"rgba(255,255,255,1)"}},{"id":"N1BxpYTKcM","type":"svg","name":"","x":100.08240978550903,"y":812.487696499531,"rotation":0,"opacity":1,"blurEnabled":false,"blurRadius":10,"brightnessEnabled":false,"brightness":0,"sepiaEnabled":false,"grayscaleEnabled":false,"shadowEnabled":false,"shadowBlur":5,"shadowOffsetX":0,"shadowOffsetY":0,"shadowColor":"black","shadowOpacity":1,"visible":true,"draggable":true,"selectable":true,"contentEditable":true,"styleEditable":true,"alwaysOnTop":false,"showInExport":true,"src":"data:image/svg+xml;base64,PHN2ZyB4bWxucz0iaHR0cDovL3d3dy53My5vcmcvMjAwMC9zdmciIHZpZXdCb3g9IjAgMCA2MCA2MCI+PHJlY3QgeD0iMCIgeT0iMCIgd2lkdGg9IjYwIiBoZWlnaHQ9IjYwIiBmaWxsPSJyZ2IoMCwgMTYxLCAyNTUpIiAvPjwvc3ZnPg==","maskSrc":"","cropX":0,"cropY":0,"cropWidth":1,"cropHeight":1,"keepRatio":false,"flipX":false,"flipY":false,"width":230.83038329902868,"height":43.876883000645094,"borderColor":"black","borderSize":0,"colorsReplace":{"rgb(0, 161, 255)":"rgba(255,255,255,1)"}},{"id":"xXhnaPFaNB","type":"svg","name":"","x":549.9740983696327,"y":732.4876964995315,"rotation":0,"opacity":1,"blurEnabled":false,"blurRadius":10,"brightnessEnabled":false,"brightness":0,"sepiaEnabled":false,"grayscaleEnabled":false,"shadowEnabled":false,"shadowBlur":5,"shadowOffsetX":0,"shadowOffsetY":0,"shadowColor":"black","shadowOpacity":1,"visible":true,"draggable":true,"selectable":true,"contentEditable":true,"styleEditable":true,"alwaysOnTop":false,"showInExport":true,"src":"data:image/svg+xml;base64,PHN2ZyB4bWxucz0iaHR0cDovL3d3dy53My5vcmcvMjAwMC9zdmciIHZpZXdCb3g9IjAgMCA2MCA2MCI+PHJlY3QgeD0iMCIgeT0iMCIgd2lkdGg9IjYwIiBoZWlnaHQ9IjYwIiBmaWxsPSJyZ2IoMCwgMTYxLCAyNTUpIiAvPjwvc3ZnPg==","maskSrc":"","cropX":0,"cropY":0,"cropWidth":1,"cropHeight":1,"keepRatio":false,"flipX":false,"flipY":false,"width":230.83038329902868,"height":43.876883000645094,"borderColor":"black","borderSize":0,"colorsReplace":{"rgb(0, 161, 255)":"rgba(255,255,255,1)"}},{"id":"ILlz0zbWUe","type":"text","name":"","x":517.9707472150702,"y":742.4261379998542,"rotation":0,"opacity":1,"blurEnabled":false,"blurRadius":10,"brightnessEnabled":false,"brightness":0,"sepiaEnabled":false,"grayscaleEnabled":false,"shadowEnabled":false,"shadowBlur":5,"shadowOffsetX":0,"shadowOffsetY":0,"shadowColor":"black","shadowOpacity":1,"visible":true,"draggable":true,"selectable":true,"contentEditable":true,"styleEditable":true,"alwaysOnTop":false,"showInExport":true,"text":"The Dancehouse San Diego","placeholder":"","fontSize":19,"fontFamily":"Roboto","fontStyle":"italic","fontWeight":"normal","textDecoration":"","fill":"black","align":"center","width":289,"height":24,"verticalAlign":"top","strokeWidth":0,"stroke":"black","lineHeight":1.2,"letterSpacing":0},{"id":"M3VnTnRhlJ","type":"text","name":"","x":315.93151463984094,"y":740.9261379998537,"rotation":0,"opacity":1,"blurEnabled":false,"blurRadius":10,"brightnessEnabled":false,"brightness":0,"sepiaEnabled":false,"grayscaleEnabled":false,"shadowEnabled":false,"shadowBlur":5,"shadowOffsetX":0,"shadowOffsetY":0,"shadowColor":"black","shadowOpacity":1,"visible":true,"draggable":true,"selectable":true,"contentEditable":true,"styleEditable":true,"alwaysOnTop":false,"showInExport":true,"text":"Kaycee Smith","placeholder":"","fontSize":21,"fontFamily":"Roboto","fontStyle":"italic","fontWeight":"normal","textDecoration":" underline","fill":"black","align":"center","width":176,"height":27,"verticalAlign":"top","strokeWidth":0,"stroke":"black","lineHeight":1.2,"letterSpacing":0}],"width":"auto","height":"auto","background":"white","bleed":0}],"unit":"px","dpi":72}