{"width":800,"height":800,"fonts":[],"pages":[{"id":"gG8W7B5iAc","children":[{"id":"nz8zBoz06D","type":"image","name":"","x":0,"y":0,"rotation":0,"opacity":0,"blurEnabled":false,"blurRadius":10,"brightnessEnabled":false,"brightness":0,"sepiaEnabled":false,"grayscaleEnabled":false,"shadowEnabled":false,"shadowBlur":5,"shadowOffsetX":0,"shadowOffsetY":0,"shadowColor":"black","shadowOpacity":1,"visible":true,"draggable":false,"selectable":false,"contentEditable":false,"styleEditable":false,"alwaysOnTop":true,"showInExport":true,"width":800,"height":800,"src":"data:image/png;base64,iVBORw0KGgoAAAANSUhEUgAAAAEAAAABCAQAAAC1HAwCAAAAC0lEQVR42mNgYAAAAAMAASsJTYQAAAAASUVORK5CYII=","cropX":0,"cropY":0,"cropWidth":1,"cropHeight":1,"cornerRadius":0,"flipX":false,"flipY":false,"clipSrc":"","borderColor":"black","borderSize":0},{"id":"RK9bZBoRJD","type":"image","name":"","x":5.684341886080802e-14,"y":7.105427357601002e-15,"rotation":0,"opacity":1,"blurEnabled":true,"blurRadius":10,"brightnessEnabled":true,"brightness":-0.09,"sepiaEnabled":false,"grayscaleEnabled":true,"shadowEnabled":false,"shadowBlur":5,"shadowOffsetX":0,"shadowOffsetY":0,"shadowColor":"black","shadowOpacity":1,"visible":true,"draggable":false,"selectable":true,"contentEditable":false,"styleEditable":false,"alwaysOnTop":false,"showInExport":true,"width":800,"height":800,"src":"../photos/dance/f4.png","cropX":0.128,"cropY":0,"cropWidth":0.668,"cropHeight":1,"cornerRadius":0,"flipX":false,"flipY":false,"clipSrc":"","borderColor":"black","borderSize":0},{"id":"QhI6xjko7a","type":"text","name":"","x":437.5370843789773,"y":679.0778817638397,"rotation":0,"opacity":1,"blurEnabled":false,"blurRadius":10,"brightnessEnabled":false,"brightness":0,"sepiaEnabled":false,"grayscaleEnabled":false,"shadowEnabled":true,"shadowBlur":39,"shadowOffsetX":0,"shadowOffsetY":0,"shadowColor":"black","shadowOpacity":0.71,"visible":true,"draggable":true,"selectable":true,"contentEditable":true,"styleEditable":true,"alwaysOnTop":false,"showInExport":true,"text":"Friday, August 19\n at 5PM","placeholder":"","fontSize":30,"fontFamily":"Bungee","fontStyle":"normal","fontWeight":"normal","textDecoration":"","fill":"rgba(255,255,255,1)","align":"right","width":316,"height":73,"verticalAlign":"top","strokeWidth":0,"stroke":"black","lineHeight":1.2,"letterSpacing":0},{"id":"rXAXtqvFHD","type":"text","name":"","x":505.2826836401114,"y":461.44115701836057,"rotation":0,"opacity":1,"blurEnabled":false,"blurRadius":10,"brightnessEnabled":false,"brightness":0,"sepiaEnabled":false,"grayscaleEnabled":false,"shadowEnabled":true,"shadowBlur":30,"shadowOffsetX":0,"shadowOffsetY":0,"shadowColor":"black","shadowOpacity":0.65,"visible":true,"draggable":true,"selectable":true,"contentEditable":true,"styleEditable":true,"alwaysOnTop":false,"showInExport":true,"text":"Kaycee Smith","placeholder":"","fontSize":30,"fontFamily":"Bungee","fontStyle":"normal","fontWeight":"normal","textDecoration":"","fill":"rgba(255,255,255,1)","align":"right","width":244,"height":37,"verticalAlign":"top","strokeWidth":0,"stroke":"black","lineHeight":1.2,"letterSpacing":0},{"id":"annotation-layer","type":"image","name":"","x":0,"y":0,"rotation":0,"opacity":0,"blurEnabled":false,"blurRadius":10,"brightnessEnabled":false,"brightness":0,"sepiaEnabled":false,"grayscaleEnabled":false,"shadowEnabled":false,"shadowBlur":5,"shadowOffsetX":0,"shadowOffsetY":0,"shadowColor":"black","shadowOpacity":1,"visible":true,"draggable":false,"selectable":false,"contentEditable":false,"styleEditable":false,"alwaysOnTop":true,"showInExport":true,"width":800,"height":800,"src":"data:image/png;base64,iVBORw0KGgoAAAANSUhEUgAAAAEAAAABCAQAAAC1HAwCAAAAC0lEQVR42mNgYAAAAAMAASsJTYQAAAAASUVORK5CYII=","cropX":0,"cropY":0,"cropWidth":1,"cropHeight":1,"cornerRadius":0,"flipX":false,"flipY":false,"clipSrc":"","borderColor":"black","borderSize":0},{"id":"jiwJjQs2IN","type":"image","name":"","x":330.6920567479843,"y":-395.7761303869662,"rotation":64.46194534373731,"opacity":1,"blurEnabled":true,"blurRadius":10,"brightnessEnabled":true,"brightness":-0.33,"sepiaEnabled":false,"grayscaleEnabled":true,"shadowEnabled":false,"shadowBlur":5,"shadowOffsetX":0,"shadowOffsetY":0,"shadowColor":"black","shadowOpacity":1,"visible":true,"draggable":true,"selectable":true,"contentEditable":true,"styleEditable":true,"alwaysOnTop":false,"showInExport":true,"width":905.8827906414875,"height":905.8827906414858,"src":"../elements/f20.png","cropX":0,"cropY":0,"cropWidth":0.9999999999999988,"cropHeight":0.999999999999997,"cornerRadius":0,"flipX":false,"flipY":false,"clipSrc":"","borderColor":"black","borderSize":0},{"id":"swGiINdlCd","type":"text","name":"","x":491.98345090353837,"y":525.0778817638432,"rotation":0,"opacity":1,"blurEnabled":false,"blurRadius":10,"brightnessEnabled":false,"brightness":0,"sepiaEnabled":false,"grayscaleEnabled":false,"shadowEnabled":true,"shadowBlur":41,"shadowOffsetX":0,"shadowOffsetY":0,"shadowColor":"black","shadowOpacity":1,"visible":true,"draggable":true,"selectable":true,"contentEditable":true,"styleEditable":true,"alwaysOnTop":false,"showInExport":true,"text":"The  Dancehouse \nSan Diego","placeholder":"","fontSize":35,"fontFamily":"Bungee","fontStyle":"normal","fontWeight":"normal","textDecoration":"","fill":"rgba(240,187,229,1)","align":"right","width":259,"height":127,"verticalAlign":"top","strokeWidth":0,"stroke":"black","lineHeight":1.2,"letterSpacing":0},{"id":"kGcHXZylmp","type":"text","name":"","x":39.999999999999915,"y":45.25616746117307,"rotation":0,"opacity":1,"blurEnabled":false,"blurRadius":10,"brightnessEnabled":false,"brightness":0,"sepiaEnabled":false,"grayscaleEnabled":false,"shadowEnabled":true,"shadowBlur":39,"shadowOffsetX":0,"shadowOffsetY":0,"shadowColor":"black","shadowOpacity":0.72,"visible":true,"draggable":true,"selectable":true,"contentEditable":true,"styleEditable":true,"alwaysOnTop":false,"showInExport":true,"text":"Intro to Dance Workshop","placeholder":"","fontSize":75,"fontFamily":"Bungee","fontStyle":"normal","fontWeight":"bold","textDecoration":"","fill":"rgba(240,187,229,1)","align":"justify","width":720,"height":181,"verticalAlign":"top","strokeWidth":0,"stroke":"black","lineHeight":1.2,"letterSpacing":0},{"id":"bSdkIUSpIE","type":"text","name":"","x":48,"y":266.0477275634745,"rotation":0,"opacity":1,"blurEnabled":false,"blurRadius":16,"brightnessEnabled":false,"brightness":0,"sepiaEnabled":false,"grayscaleEnabled":false,"shadowEnabled":true,"shadowBlur":30,"shadowOffsetX":0,"shadowOffsetY":0,"shadowColor":"black","shadowOpacity":0.48,"visible":true,"draggable":true,"selectable":true,"contentEditable":true,"styleEditable":true,"alwaysOnTop":false,"showInExport":true,"text":"Come join us for a fun, beginner-friendly dance workshop!","placeholder":"","fontSize":30,"fontFamily":"Bungee","fontStyle":"normal","fontWeight":"normal","textDecoration":"","fill":"rgba(255,255,255,1)","align":"left","width":424,"height":109,"verticalAlign":"top","strokeWidth":0,"stroke":"black","lineHeight":1.2,"letterSpacing":0}],"width":"auto","height":"auto","background":"white","bleed":0}],"unit":"px","dpi":72}