{"width":800,"height":800,"fonts":[],"pages":[{"id":"yWbiy8Ee2b","children":[{"id":"KntvhJA4oO","type":"image","name":"","x":0,"y":0,"rotation":0,"opacity":1,"blurEnabled":false,"blurRadius":10,"brightnessEnabled":false,"brightness":0,"sepiaEnabled":false,"grayscaleEnabled":false,"shadowEnabled":false,"shadowBlur":5,"shadowOffsetX":0,"shadowOffsetY":0,"shadowColor":"black","shadowOpacity":1,"visible":true,"draggable":true,"selectable":true,"contentEditable":true,"styleEditable":true,"alwaysOnTop":false,"showInExport":true,"width":800,"height":800,"src":"../photos/dance/f7.png","cropX":0,"cropY":0,"cropWidth":1,"cropHeight":0.6657789613848203,"cornerRadius":0,"flipX":false,"flipY":false,"clipSrc":"","borderColor":"black","borderSize":0},{"id":"7RBsCSK32c","type":"image","name":"","x":5.379868821302637,"y":12.550141368386122,"rotation":0,"opacity":1,"blurEnabled":false,"blurRadius":10,"brightnessEnabled":false,"brightness":0,"sepiaEnabled":false,"grayscaleEnabled":false,"shadowEnabled":false,"shadowBlur":5,"shadowOffsetX":0,"shadowOffsetY":0,"shadowColor":"black","shadowOpacity":1,"visible":true,"draggable":true,"selectable":true,"contentEditable":true,"styleEditable":true,"alwaysOnTop":false,"showInExport":true,"width":800,"height":800,"src":"../photos/dance/f7.png","cropX":0,"cropY":0.11051930758988016,"cropWidth":1,"cropHeight":0.6657789613848203,"cornerRadius":0,"flipX":false,"flipY":false,"clipSrc":"","borderColor":"black","borderSize":0},{"id":"wFYCoF9pnM","type":"text","name":"","x":123.99999999999994,"y":98.16936129737536,"rotation":0,"opacity":1,"blurEnabled":false,"blurRadius":10,"brightnessEnabled":false,"brightness":0,"sepiaEnabled":false,"grayscaleEnabled":false,"shadowEnabled":false,"shadowBlur":5,"shadowOffsetX":0,"shadowOffsetY":0,"shadowColor":"black","shadowOpacity":1,"visible":true,"draggable":true,"selectable":true,"contentEditable":true,"styleEditable":true,"alwaysOnTop":false,"showInExport":true,"text":"Intro to Dance Workshop","placeholder":"","fontSize":46,"fontFamily":"Roboto","fontStyle":"normal","fontWeight":"bold","textDecoration":"","fill":"rgba(255,255,255,1)","align":"center","width":552,"height":57,"verticalAlign":"top","strokeWidth":0,"stroke":"black","lineHeight":1.2,"letterSpacing":0},{"id":"nl-vnyTBTC","type":"text","name":"","x":141.3798688213026,"y":510.63075254081326,"rotation":0,"opacity":1,"blurEnabled":false,"blurRadius":10,"brightnessEnabled":false,"brightness":0,"sepiaEnabled":false,"grayscaleEnabled":false,"shadowEnabled":false,"shadowBlur":5,"shadowOffsetX":0,"shadowOffsetY":0,"shadowColor":"black","shadowOpacity":1,"visible":true,"draggable":true,"selectable":true,"contentEditable":true,"styleEditable":true,"alwaysOnTop":false,"showInExport":true,"text":"Come join us for a fun, beginner-friendly dance workshop!","placeholder":"","fontSize":34,"fontFamily":"Roboto","fontStyle":"normal","fontWeight":"bold","textDecoration":"","fill":"rgba(255,255,255,1)","align":"center","width":528,"height":83,"verticalAlign":"top","strokeWidth":0,"stroke":"black","lineHeight":1.2,"letterSpacing":0},{"id":"ILlz0zbWUe","type":"text","name":"","x":164.5,"y":155.16936129737533,"rotation":0,"opacity":1,"blurEnabled":false,"blurRadius":10,"brightnessEnabled":false,"brightness":0,"sepiaEnabled":false,"grayscaleEnabled":false,"shadowEnabled":false,"shadowBlur":5,"shadowOffsetX":0,"shadowOffsetY":0,"shadowColor":"black","shadowOpacity":1,"visible":true,"draggable":true,"selectable":true,"contentEditable":true,"styleEditable":true,"alwaysOnTop":false,"showInExport":true,"text":"The Dancehouse San Diego","placeholder":"","fontSize":34,"fontFamily":"Roboto","fontStyle":"italic","fontWeight":"normal","textDecoration":"","fill":"rgba(255,255,255,1)","align":"center","width":471,"height":42,"verticalAlign":"top","strokeWidth":0,"stroke":"black","lineHeight":1.2,"letterSpacing":0},{"id":"AdHrFvqo5Y","type":"text","name":"","x":259.8798688213025,"y":593.6307525408133,"rotation":0,"opacity":1,"blurEnabled":false,"blurRadius":10,"brightnessEnabled":false,"brightness":0,"sepiaEnabled":false,"grayscaleEnabled":false,"shadowEnabled":false,"shadowBlur":5,"shadowOffsetX":0,"shadowOffsetY":0,"shadowColor":"black","shadowOpacity":1,"visible":true,"draggable":true,"selectable":true,"contentEditable":true,"styleEditable":true,"alwaysOnTop":false,"showInExport":true,"text":"Friday, August 19 at 5PM","placeholder":"","fontSize":24,"fontFamily":"Roboto","fontStyle":"normal","fontWeight":"bold","textDecoration":"","fill":"rgba(255,255,255,1)","align":"left","width":291,"height":30,"verticalAlign":"top","strokeWidth":0,"stroke":"black","lineHeight":1.2,"letterSpacing":0},{"id":"M3VnTnRhlJ","type":"text","name":"","x":614.2500768692055,"y":762.6923531214918,"rotation":0,"opacity":1,"blurEnabled":false,"blurRadius":10,"brightnessEnabled":false,"brightness":0,"sepiaEnabled":false,"grayscaleEnabled":false,"shadowEnabled":false,"shadowBlur":5,"shadowOffsetX":0,"shadowOffsetY":0,"shadowColor":"black","shadowOpacity":1,"visible":true,"draggable":true,"selectable":true,"contentEditable":true,"styleEditable":true,"alwaysOnTop":false,"showInExport":true,"text":"Kaycee Smith","placeholder":"","fontSize":21,"fontFamily":"Roboto","fontStyle":"italic","fontWeight":"normal","textDecoration":" underline","fill":"rgba(255,255,255,1)","align":"center","width":176,"height":27,"verticalAlign":"top","strokeWidth":0,"stroke":"black","lineHeight":1.2,"letterSpacing":0},{"id":"annotation-layer","type":"image","name":"","x":0,"y":0,"rotation":0,"opacity":0,"blurEnabled":false,"blurRadius":10,"brightnessEnabled":false,"brightness":0,"sepiaEnabled":false,"grayscaleEnabled":false,"shadowEnabled":false,"shadowBlur":5,"shadowOffsetX":0,"shadowOffsetY":0,"shadowColor":"black","shadowOpacity":1,"visible":true,"draggable":false,"selectable":false,"contentEditable":false,"styleEditable":false,"alwaysOnTop":true,"showInExport":true,"width":800,"height":800,"src":"data:image/png;base64,iVBORw0KGgoAAAANSUhEUgAAAAEAAAABCAQAAAC1HAwCAAAAC0lEQVR42mNgYAAAAAMAASsJTYQAAAAASUVORK5CYII=","cropX":0,"cropY":0,"cropWidth":1,"cropHeight":1,"cornerRadius":0,"flipX":false,"flipY":false,"clipSrc":"","borderColor":"black","borderSize":0}],"width":"auto","height":"auto","background":"white","bleed":0}],"unit":"px","dpi":72}