{"width":800,"height":800,"fonts":[],"pages":[{"id":"gG8W7B5iAc","children":[{"id":"nz8zBoz06D","type":"image","name":"","x":0,"y":0,"rotation":0,"opacity":0,"blurEnabled":false,"blurRadius":10,"brightnessEnabled":false,"brightness":0,"sepiaEnabled":false,"grayscaleEnabled":false,"shadowEnabled":false,"shadowBlur":5,"shadowOffsetX":0,"shadowOffsetY":0,"shadowColor":"black","shadowOpacity":1,"visible":true,"draggable":false,"selectable":false,"contentEditable":false,"styleEditable":false,"alwaysOnTop":true,"showInExport":true,"width":800,"height":800,"src":"data:image/png;base64,iVBORw0KGgoAAAANSUhEUgAAAAEAAAABCAQAAAC1HAwCAAAAC0lEQVR42mNgYAAAAAMAASsJTYQAAAAASUVORK5CYII=","cropX":0,"cropY":0,"cropWidth":1,"cropHeight":1,"cornerRadius":0,"flipX":false,"flipY":false,"clipSrc":"","borderColor":"black","borderSize":0},{"id":"kGcHXZylmp","type":"text","name":"","x":65.21928295244948,"y":104.02467694526693,"rotation":0,"opacity":1,"blurEnabled":false,"blurRadius":10,"brightnessEnabled":false,"brightness":0,"sepiaEnabled":false,"grayscaleEnabled":false,"shadowEnabled":false,"shadowBlur":5,"shadowOffsetX":0,"shadowOffsetY":0,"shadowColor":"black","shadowOpacity":1,"visible":true,"draggable":true,"selectable":true,"contentEditable":true,"styleEditable":true,"alwaysOnTop":false,"showInExport":true,"text":"Intro to Dance Workshop","placeholder":"","fontSize":44,"fontFamily":"Abril Fatface","fontStyle":"normal","fontWeight":"normal","textDecoration":"","fill":"rgba(27,157,52,1)","align":"left","width":636,"height":54,"verticalAlign":"top","strokeWidth":0,"stroke":"black","lineHeight":1.2,"letterSpacing":0},{"id":"QhI6xjko7a","type":"text","name":"","x":454.71289297304725,"y":545.5822502305401,"rotation":0,"opacity":1,"blurEnabled":false,"blurRadius":10,"brightnessEnabled":false,"brightness":0,"sepiaEnabled":false,"grayscaleEnabled":false,"shadowEnabled":false,"shadowBlur":5,"shadowOffsetX":0,"shadowOffsetY":0,"shadowColor":"black","shadowOpacity":1,"visible":true,"draggable":true,"selectable":true,"contentEditable":true,"styleEditable":true,"alwaysOnTop":false,"showInExport":true,"text":"Friday, August 19 at 5PM","placeholder":"","fontSize":30,"fontFamily":"Archivo Narrow","fontStyle":"normal","fontWeight":"normal","textDecoration":"","fill":"rgba(255,255,255,1)","align":"justify","width":279,"height":37,"verticalAlign":"top","strokeWidth":0,"stroke":"black","lineHeight":1.2,"letterSpacing":0},{"id":"rXAXtqvFHD","type":"text","name":"","x":454.71289297304713,"y":636.6869747877191,"rotation":0,"opacity":1,"blurEnabled":false,"blurRadius":10,"brightnessEnabled":false,"brightness":0,"sepiaEnabled":false,"grayscaleEnabled":false,"shadowEnabled":false,"shadowBlur":5,"shadowOffsetX":0,"shadowOffsetY":0,"shadowColor":"black","shadowOpacity":1,"visible":true,"draggable":true,"selectable":true,"contentEditable":true,"styleEditable":true,"alwaysOnTop":false,"showInExport":true,"text":"Kaycee Smith","placeholder":"","fontSize":54,"fontFamily":"Archivo Narrow","fontStyle":"normal","fontWeight":"normal","textDecoration":"","fill":"rgba(255,255,255,1)","align":"justify","width":278,"height":66,"verticalAlign":"top","strokeWidth":0,"stroke":"black","lineHeight":1.2,"letterSpacing":0},{"id":"annotation-layer","type":"image","name":"","x":0,"y":0,"rotation":0,"opacity":0,"blurEnabled":false,"blurRadius":10,"brightnessEnabled":false,"brightness":0,"sepiaEnabled":false,"grayscaleEnabled":false,"shadowEnabled":false,"shadowBlur":5,"shadowOffsetX":0,"shadowOffsetY":0,"shadowColor":"black","shadowOpacity":1,"visible":true,"draggable":false,"selectable":false,"contentEditable":false,"styleEditable":false,"alwaysOnTop":true,"showInExport":true,"width":800,"height":800,"src":"data:image/png;base64,iVBORw0KGgoAAAANSUhEUgAAAAEAAAABCAQAAAC1HAwCAAAAC0lEQVR42mNgYAAAAAMAASsJTYQAAAAASUVORK5CYII=","cropX":0,"cropY":0,"cropWidth":1,"cropHeight":1,"cornerRadius":0,"flipX":false,"flipY":false,"clipSrc":"","borderColor":"black","borderSize":0},{"id":"bSdkIUSpIE","type":"text","name":"","x":57.99999996000003,"y":183.7020806925849,"rotation":0,"opacity":1,"blurEnabled":false,"blurRadius":10,"brightnessEnabled":false,"brightness":0,"sepiaEnabled":false,"grayscaleEnabled":false,"shadowEnabled":false,"shadowBlur":5,"shadowOffsetX":0,"shadowOffsetY":0,"shadowColor":"black","shadowOpacity":1,"visible":true,"draggable":true,"selectable":true,"contentEditable":true,"styleEditable":true,"alwaysOnTop":false,"showInExport":true,"text":"Come join us for a fun,\nbeginner-friendly dance workshop!","placeholder":"","fontSize":57,"fontFamily":"Caveat","fontStyle":"normal","fontWeight":"normal","textDecoration":"","fill":"rgba(227,126,48,1)","align":"left","width":697,"height":138,"verticalAlign":"top","strokeWidth":0,"stroke":"black","lineHeight":1.2,"letterSpacing":0},{"id":"swGiINdlCd","type":"text","name":"","x":454.7128929730469,"y":596.1386679657813,"rotation":0,"opacity":1,"blurEnabled":false,"blurRadius":10,"brightnessEnabled":false,"brightness":0,"sepiaEnabled":false,"grayscaleEnabled":false,"shadowEnabled":false,"shadowBlur":5,"shadowOffsetX":0,"shadowOffsetY":0,"shadowColor":"black","shadowOpacity":1,"visible":true,"draggable":true,"selectable":true,"contentEditable":true,"styleEditable":true,"alwaysOnTop":false,"showInExport":true,"text":"The  Dancehouse San Diego","placeholder":"","fontSize":26,"fontFamily":"Archivo Narrow","fontStyle":"normal","fontWeight":"normal","textDecoration":"","fill":"rgba(255,255,255,1)","align":"justify","width":282,"height":33,"verticalAlign":"top","strokeWidth":0,"stroke":"black","lineHeight":1.2,"letterSpacing":0},{"id":"PUnup3CLeN","type":"image","name":"","x":621.8497085150522,"y":104.02467694526693,"rotation":0,"opacity":1,"blurEnabled":false,"blurRadius":10,"brightnessEnabled":false,"brightness":0,"sepiaEnabled":false,"grayscaleEnabled":false,"shadowEnabled":false,"shadowBlur":5,"shadowOffsetX":0,"shadowOffsetY":0,"shadowColor":"black","shadowOpacity":1,"visible":true,"draggable":true,"selectable":true,"contentEditable":true,"styleEditable":true,"alwaysOnTop":false,"showInExport":true,"width":132.8381585554061,"height":132.8381585554061,"src":"../elements/f27.png","cropX":0,"cropY":0,"cropWidth":0.9999999999999996,"cropHeight":0.9999999999999996,"cornerRadius":0,"flipX":false,"flipY":false,"clipSrc":"","borderColor":"black","borderSize":0},{"id":"0U-rWJU3oW","type":"image","name":"","x":47.070352906290864,"y":326.3256697108661,"rotation":0,"opacity":1,"blurEnabled":false,"blurRadius":10,"brightnessEnabled":false,"brightness":0,"sepiaEnabled":false,"grayscaleEnabled":false,"shadowEnabled":false,"shadowBlur":5,"shadowOffsetX":0,"shadowOffsetY":0,"shadowColor":"black","shadowOpacity":1,"visible":true,"draggable":true,"selectable":true,"contentEditable":true,"styleEditable":true,"alwaysOnTop":false,"showInExport":true,"width":401.4644514271723,"height":401.4644514271722,"src":"../elements/f16.png","cropX":0,"cropY":0,"cropWidth":1,"cropHeight":0.9999999999999998,"cornerRadius":0,"flipX":false,"flipY":false,"clipSrc":"","borderColor":"black","borderSize":0}],"width":"auto","height":"auto","background":"#320000","bleed":0}],"unit":"px","dpi":72}