{"width":800,"height":800,"fonts":[],"pages":[{"id":"gG8W7B5iAc","children":[{"id":"YKFuOhio1X","type":"image","name":"","x":-36.1445152146277,"y":183.55040805970404,"rotation":0,"opacity":1,"blurEnabled":false,"blurRadius":10,"brightnessEnabled":false,"brightness":0,"sepiaEnabled":false,"grayscaleEnabled":false,"shadowEnabled":false,"shadowBlur":5,"shadowOffsetX":0,"shadowOffsetY":0,"shadowColor":"black","shadowOpacity":1,"visible":true,"draggable":true,"selectable":true,"contentEditable":true,"styleEditable":true,"alwaysOnTop":false,"showInExport":true,"width":872.2890304292553,"height":872.2890304292555,"src":"../elements/f14.png","cropX":0,"cropY":0,"cropWidth":0.9999999999999998,"cropHeight":1,"cornerRadius":0,"flipX":false,"flipY":false,"clipSrc":"","borderColor":"black","borderSize":0},{"id":"nz8zBoz06D","type":"image","name":"","x":0,"y":0,"rotation":0,"opacity":0,"blurEnabled":false,"blurRadius":10,"brightnessEnabled":false,"brightness":0,"sepiaEnabled":false,"grayscaleEnabled":false,"shadowEnabled":false,"shadowBlur":5,"shadowOffsetX":0,"shadowOffsetY":0,"shadowColor":"black","shadowOpacity":1,"visible":true,"draggable":false,"selectable":false,"contentEditable":false,"styleEditable":false,"alwaysOnTop":true,"showInExport":true,"width":800,"height":800,"src":"data:image/png;base64,iVBORw0KGgoAAAANSUhEUgAAAAEAAAABCAQAAAC1HAwCAAAAC0lEQVR42mNgYAAAAAMAASsJTYQAAAAASUVORK5CYII=","cropX":0,"cropY":0,"cropWidth":1,"cropHeight":1,"cornerRadius":0,"flipX":false,"flipY":false,"clipSrc":"","borderColor":"black","borderSize":0},{"id":"kGcHXZylmp","type":"text","name":"","x":81.99999998999996,"y":150.050408059704,"rotation":0,"opacity":1,"blurEnabled":false,"blurRadius":10,"brightnessEnabled":false,"brightness":0,"sepiaEnabled":false,"grayscaleEnabled":false,"shadowEnabled":false,"shadowBlur":5,"shadowOffsetX":0,"shadowOffsetY":0,"shadowColor":"black","shadowOpacity":1,"visible":true,"draggable":true,"selectable":true,"contentEditable":true,"styleEditable":true,"alwaysOnTop":false,"showInExport":true,"text":"Intro to Dance Workshop","placeholder":"","fontSize":55,"fontFamily":"Galada","fontStyle":"normal","fontWeight":"normal","textDecoration":"","fill":"rgba(186,133,195,1)","align":"center","width":636,"height":67,"verticalAlign":"top","strokeWidth":0,"stroke":"black","lineHeight":1.2,"letterSpacing":0},{"id":"QhI6xjko7a","type":"text","name":"","x":267.35627596801055,"y":342.18318369396894,"rotation":0,"opacity":1,"blurEnabled":false,"blurRadius":10,"brightnessEnabled":false,"brightness":0,"sepiaEnabled":false,"grayscaleEnabled":false,"shadowEnabled":false,"shadowBlur":5,"shadowOffsetX":0,"shadowOffsetY":0,"shadowColor":"black","shadowOpacity":1,"visible":true,"draggable":true,"selectable":true,"contentEditable":true,"styleEditable":true,"alwaysOnTop":false,"showInExport":true,"text":"Friday, August 19 at 5PM","placeholder":"","fontSize":25,"fontFamily":"Caveat","fontStyle":"normal","fontWeight":"normal","textDecoration":"","fill":"rgba(74,144,226,1)","align":"center","width":240,"height":31,"verticalAlign":"top","strokeWidth":0,"stroke":"black","lineHeight":1.2,"letterSpacing":0},{"id":"rXAXtqvFHD","type":"text","name":"","x":326.85627596801055,"y":255.53386356125162,"rotation":0,"opacity":1,"blurEnabled":false,"blurRadius":10,"brightnessEnabled":false,"brightness":0,"sepiaEnabled":false,"grayscaleEnabled":false,"shadowEnabled":false,"shadowBlur":5,"shadowOffsetX":0,"shadowOffsetY":0,"shadowColor":"black","shadowOpacity":1,"visible":true,"draggable":true,"selectable":true,"contentEditable":true,"styleEditable":true,"alwaysOnTop":false,"showInExport":true,"text":"Kaycee Smith","placeholder":"","fontSize":25,"fontFamily":"Caveat","fontStyle":"normal","fontWeight":"bold","textDecoration":"","fill":"rgba(74,144,226,1)","align":"left","width":121,"height":31,"verticalAlign":"top","strokeWidth":0,"stroke":"black","lineHeight":1.2,"letterSpacing":0},{"id":"annotation-layer","type":"image","name":"","x":0,"y":0,"rotation":0,"opacity":0,"blurEnabled":false,"blurRadius":10,"brightnessEnabled":false,"brightness":0,"sepiaEnabled":false,"grayscaleEnabled":false,"shadowEnabled":false,"shadowBlur":5,"shadowOffsetX":0,"shadowOffsetY":0,"shadowColor":"black","shadowOpacity":1,"visible":true,"draggable":false,"selectable":false,"contentEditable":false,"styleEditable":false,"alwaysOnTop":true,"showInExport":true,"width":800,"height":800,"src":"data:image/png;base64,iVBORw0KGgoAAAANSUhEUgAAAAEAAAABCAQAAAC1HAwCAAAAC0lEQVR42mNgYAAAAAMAASsJTYQAAAAASUVORK5CYII=","cropX":0,"cropY":0,"cropWidth":1,"cropHeight":1,"cornerRadius":0,"flipX":false,"flipY":false,"clipSrc":"","borderColor":"black","borderSize":0},{"id":"bSdkIUSpIE","type":"text","name":"","x":64.8562759580106,"y":217.050408059704,"rotation":0,"opacity":1,"blurEnabled":false,"blurRadius":10,"brightnessEnabled":false,"brightness":0,"sepiaEnabled":false,"grayscaleEnabled":false,"shadowEnabled":false,"shadowBlur":5,"shadowOffsetX":0,"shadowOffsetY":0,"shadowColor":"black","shadowOpacity":1,"visible":true,"draggable":true,"selectable":true,"contentEditable":true,"styleEditable":true,"alwaysOnTop":false,"showInExport":true,"text":"Come join us for a fun, beginner-friendly dance workshop!","placeholder":"","fontSize":25,"fontFamily":"VT323","fontStyle":"normal","fontWeight":"normal","textDecoration":"","fill":"rgba(0,0,0,1)","align":"center","width":645,"height":31,"verticalAlign":"top","strokeWidth":0,"stroke":"black","lineHeight":1.2,"letterSpacing":0},{"id":"jiwJjQs2IN","type":"image","name":"","x":43.86956521739141,"y":-128.48766507765393,"rotation":45.00000000000001,"opacity":1,"blurEnabled":false,"blurRadius":10,"brightnessEnabled":false,"brightness":0,"sepiaEnabled":false,"grayscaleEnabled":false,"shadowEnabled":false,"shadowBlur":5,"shadowOffsetX":0,"shadowOffsetY":0,"shadowColor":"black","shadowOpacity":1,"visible":true,"draggable":true,"selectable":true,"contentEditable":true,"styleEditable":true,"alwaysOnTop":false,"showInExport":true,"width":373.6972117498542,"height":373.6972117498541,"src":"../elements/f20.png","cropX":0,"cropY":0,"cropWidth":0.9999999999999998,"cropHeight":0.9999999999999996,"cornerRadius":0,"flipX":false,"flipY":false,"clipSrc":"","borderColor":"black","borderSize":0},{"id":"swGiINdlCd","type":"text","name":"","x":261.3562759880107,"y":295.78104159781685,"rotation":0,"opacity":1,"blurEnabled":false,"blurRadius":10,"brightnessEnabled":false,"brightness":0,"sepiaEnabled":false,"grayscaleEnabled":false,"shadowEnabled":false,"shadowBlur":5,"shadowOffsetX":0,"shadowOffsetY":0,"shadowColor":"black","shadowOpacity":1,"visible":true,"draggable":true,"selectable":true,"contentEditable":true,"styleEditable":true,"alwaysOnTop":false,"showInExport":true,"text":"The Dancehouse San Diego","placeholder":"","fontSize":25,"fontFamily":"Caveat","fontStyle":"normal","fontWeight":"normal","textDecoration":"","fill":"rgba(74,144,226,1)","align":"center","width":252,"height":31,"verticalAlign":"top","strokeWidth":0,"stroke":"black","lineHeight":1.2,"letterSpacing":0}],"width":"auto","height":"auto","background":"white","bleed":0}],"unit":"px","dpi":72}