{"width":800,"height":800,"fonts":[],"pages":[{"id":"U6d_5X65Aa","children":[{"id":"xGLNVuPAg2","type":"text","name":"","x":84.50000000000009,"y":54.67114800093509,"rotation":0,"opacity":1,"blurEnabled":false,"blurRadius":10,"brightnessEnabled":false,"brightness":0,"sepiaEnabled":false,"grayscaleEnabled":false,"shadowEnabled":false,"shadowBlur":5,"shadowOffsetX":0,"shadowOffsetY":0,"shadowColor":"black","shadowOpacity":1,"visible":true,"draggable":true,"selectable":true,"contentEditable":true,"styleEditable":true,"alwaysOnTop":false,"showInExport":true,"text":"Intro to Dance Workshop","placeholder":"","fontSize":52,"fontFamily":"Fredoka One","fontStyle":"normal","fontWeight":"normal","textDecoration":"","fill":"rgba(255,0,0,0.8)","align":"center","width":631,"height":64,"verticalAlign":"middle","strokeWidth":0,"stroke":"black","lineHeight":1.2,"letterSpacing":0},{"id":"1_6jFvqxTg","type":"text","name":"","x":163.9999999999999,"y":666.6902667638755,"rotation":0,"opacity":1,"blurEnabled":false,"blurRadius":10,"brightnessEnabled":false,"brightness":0,"sepiaEnabled":false,"grayscaleEnabled":false,"shadowEnabled":false,"shadowBlur":5,"shadowOffsetX":0,"shadowOffsetY":0,"shadowColor":"black","shadowOpacity":1,"visible":true,"draggable":true,"selectable":true,"contentEditable":true,"styleEditable":true,"alwaysOnTop":false,"showInExport":true,"text":"The Dancehouse San Diego","placeholder":"","fontSize":35,"fontFamily":"Noto Sans","fontStyle":"normal","fontWeight":"normal","textDecoration":"","fill":"rgba(241,137,0,1)","align":"center","width":472,"height":43,"verticalAlign":"middle","strokeWidth":0,"stroke":"black","lineHeight":1.2,"letterSpacing":0},{"id":"mytiVMfXXi","type":"text","name":"","x":186.50000000000014,"y":612.9995957327785,"rotation":0,"opacity":1,"blurEnabled":false,"blurRadius":10,"brightnessEnabled":false,"brightness":0,"sepiaEnabled":false,"grayscaleEnabled":false,"shadowEnabled":false,"shadowBlur":5,"shadowOffsetX":0,"shadowOffsetY":0,"shadowColor":"black","shadowOpacity":1,"visible":true,"draggable":true,"selectable":true,"contentEditable":true,"styleEditable":true,"alwaysOnTop":false,"showInExport":true,"text":"Friday, August 19 at 5PM","placeholder":"","fontSize":35,"fontFamily":"Noto Sans","fontStyle":"normal","fontWeight":"normal","textDecoration":"","fill":"rgba(241,137,0,1)","align":"center","width":427,"height":43,"verticalAlign":"middle","strokeWidth":0,"stroke":"black","lineHeight":1.2,"letterSpacing":0},{"id":"cl-41KqCFi","type":"text","name":"","x":244.00000000000034,"y":718.9103976967726,"rotation":0,"opacity":1,"blurEnabled":false,"blurRadius":10,"brightnessEnabled":false,"brightness":0,"sepiaEnabled":false,"grayscaleEnabled":false,"shadowEnabled":false,"shadowBlur":5,"shadowOffsetX":0,"shadowOffsetY":0,"shadowColor":"black","shadowOpacity":1,"visible":true,"draggable":true,"selectable":true,"contentEditable":true,"styleEditable":true,"alwaysOnTop":false,"showInExport":true,"text":"Kaycee Smith","placeholder":"","fontSize":35,"fontFamily":"Noto Sans","fontStyle":"normal","fontWeight":"normal","textDecoration":"","fill":"rgba(0,58,121,1)","align":"center","width":312,"height":43,"verticalAlign":"middle","strokeWidth":0,"stroke":"black","lineHeight":1.2,"letterSpacing":0},{"id":"Thavxsvwy0","type":"text","name":"","x":55.499999999999986,"y":127.92951541850225,"rotation":0,"opacity":1,"blurEnabled":false,"blurRadius":10,"brightnessEnabled":false,"brightness":0,"sepiaEnabled":false,"grayscaleEnabled":false,"shadowEnabled":false,"shadowBlur":5,"shadowOffsetX":0,"shadowOffsetY":0,"shadowColor":"black","shadowOpacity":1,"visible":true,"draggable":true,"selectable":true,"contentEditable":true,"styleEditable":true,"alwaysOnTop":false,"showInExport":true,"text":"Come join us for a fun, beginner-friendly dance workshop!","placeholder":"","fontSize":35,"fontFamily":"Noto Sans","fontStyle":"normal","fontWeight":"normal","textDecoration":"","fill":"rgba(241,137,0,1)","align":"center","width":689,"height":85,"verticalAlign":"middle","strokeWidth":0,"stroke":"black","lineHeight":1.2,"letterSpacing":0},{"id":"e1gEvnlU0P","type":"image","name":"","x":129.02434927954073,"y":226.06382978723406,"rotation":0,"opacity":1,"blurEnabled":false,"blurRadius":10,"brightnessEnabled":false,"brightness":0.04,"sepiaEnabled":false,"grayscaleEnabled":false,"shadowEnabled":false,"shadowBlur":5,"shadowOffsetX":0,"shadowOffsetY":0,"shadowColor":"black","shadowOpacity":1,"visible":true,"draggable":true,"selectable":true,"contentEditable":true,"styleEditable":true,"alwaysOnTop":false,"showInExport":true,"width":541.9513014409188,"height":360.93956675965194,"src":"./photos/dance/f2.png","cropX":0,"cropY":0,"cropWidth":1,"cropHeight":1,"cornerRadius":12.25,"flipX":false,"flipY":false,"clipSrc":"","borderColor":"rgba(0,58,121,1)","borderSize":4},{"id":"9jNQXDm8ru","type":"image","name":"","x":1.3322676295501878e-15,"y":489.63473694863,"rotation":0,"opacity":1,"blurEnabled":false,"blurRadius":10,"brightnessEnabled":true,"brightness":0.06,"sepiaEnabled":false,"grayscaleEnabled":false,"shadowEnabled":false,"shadowBlur":5,"shadowOffsetX":0,"shadowOffsetY":0,"shadowColor":"black","shadowOpacity":1,"visible":true,"draggable":true,"selectable":true,"contentEditable":true,"styleEditable":true,"alwaysOnTop":false,"showInExport":true,"width":220.05552981524497,"height":220.05552981524517,"src":"./elements/f24.png","cropX":0,"cropY":0,"cropWidth":0.9999999999999977,"cropHeight":0.9999999999999986,"cornerRadius":0,"flipX":false,"flipY":false,"clipSrc":"","borderColor":"black","borderSize":0},{"id":"oAcYMxvqFW","type":"image","name":"","x":670.9756507204595,"y":183.45726017085929,"rotation":0,"opacity":1,"blurEnabled":false,"blurRadius":10,"brightnessEnabled":false,"brightness":0,"sepiaEnabled":false,"grayscaleEnabled":false,"shadowEnabled":false,"shadowBlur":5,"shadowOffsetX":0,"shadowOffsetY":0,"shadowColor":"black","shadowOpacity":1,"visible":true,"draggable":true,"selectable":true,"contentEditable":true,"styleEditable":true,"alwaysOnTop":false,"showInExport":true,"width":111.27292979150518,"height":111.27292979150516,"src":"./elements/f18.png","cropX":0,"cropY":0,"cropWidth":0.9999999999999993,"cropHeight":0.9999999999999991,"cornerRadius":0,"flipX":false,"flipY":false,"clipSrc":"","borderColor":"black","borderSize":0},{"id":"6","type":"text","name":"VISUALIZATION","x":16.913439635535262,"y":100.74031890660588,"rotation":0,"opacity":1,"blurEnabled":false,"blurRadius":10,"brightnessEnabled":false,"brightness":0,"sepiaEnabled":false,"grayscaleEnabled":false,"shadowEnabled":false,"shadowBlur":5,"shadowOffsetX":0,"shadowOffsetY":0,"shadowColor":"black","shadowOpacity":1,"visible":true,"draggable":false,"selectable":false,"contentEditable":false,"styleEditable":false,"alwaysOnTop":true,"showInExport":true,"text":"","placeholder":"[6]","fontSize":24,"fontFamily":"Roboto","fontStyle":"normal","fontWeight":"normal","textDecoration":"","fill":"red","align":"center","width":50,"height":30,"verticalAlign":"middle","strokeWidth":0,"stroke":"black","lineHeight":1.2,"letterSpacing":0}],"width":"auto","height":"auto","background":"#fffef1","bleed":0}],"unit":"px","dpi":72}