{"width":800,"height":800,"fonts":[],"pages":[{"id":"MfnxiJIl68","children":[{"id":"4668hc-Syw","type":"image","name":"","x":-45.39013746039154,"y":-51.867675348464246,"rotation":0,"opacity":0.65,"blurEnabled":false,"blurRadius":10,"brightnessEnabled":false,"brightness":0,"sepiaEnabled":false,"grayscaleEnabled":false,"shadowEnabled":false,"shadowBlur":5,"shadowOffsetX":0,"shadowOffsetY":0,"shadowColor":"black","shadowOpacity":1,"visible":true,"draggable":true,"selectable":true,"contentEditable":true,"styleEditable":true,"alwaysOnTop":false,"showInExport":true,"width":247.7190905343269,"height":247.71909053432685,"src":"./elements/f23.png","cropX":0,"cropY":0,"cropWidth":1,"cropHeight":0.9999999999999998,"cornerRadius":0,"flipX":true,"flipY":true,"clipSrc":"","borderColor":"black","borderSize":0},{"id":"ZhbfK_aSZx","type":"image","name":"","x":583.6866043059188,"y":566.4427529729342,"rotation":0,"opacity":0.65,"blurEnabled":false,"blurRadius":10,"brightnessEnabled":false,"brightness":0,"sepiaEnabled":false,"grayscaleEnabled":false,"shadowEnabled":false,"shadowBlur":5,"shadowOffsetX":0,"shadowOffsetY":0,"shadowColor":"black","shadowOpacity":1,"visible":true,"draggable":true,"selectable":true,"contentEditable":true,"styleEditable":true,"alwaysOnTop":false,"showInExport":true,"width":272.55306292665665,"height":272.5530629266568,"src":"./elements/f23.png","cropX":0,"cropY":0,"cropWidth":0.9999999999999993,"cropHeight":1,"cornerRadius":0,"flipX":false,"flipY":false,"clipSrc":"","borderColor":"black","borderSize":0},{"id":"nhLYSQPXDu","type":"image","name":"","x":211.2420765955784,"y":123.84479108135082,"rotation":0,"opacity":1,"blurEnabled":false,"blurRadius":10,"brightnessEnabled":true,"brightness":-0.11,"sepiaEnabled":false,"grayscaleEnabled":false,"shadowEnabled":true,"shadowBlur":5,"shadowOffsetX":0,"shadowOffsetY":0,"shadowColor":"black","shadowOpacity":0.5399999999999999,"visible":true,"draggable":true,"selectable":true,"contentEditable":true,"styleEditable":true,"alwaysOnTop":false,"showInExport":true,"width":380.6396967843088,"height":380.6396967843087,"src":"./photos/dance/f8.png","cropX":0,"cropY":0,"cropWidth":0.6679999999999998,"cropHeight":0.9999999999999994,"cornerRadius":9.15992419607717,"flipX":false,"flipY":false,"clipSrc":"","borderColor":"black","borderSize":0},{"id":"t-_TogWaeZ","type":"text","name":"","x":-1.7053025658242404e-13,"y":21.408864274473604,"rotation":0,"opacity":1,"blurEnabled":false,"blurRadius":10,"brightnessEnabled":false,"brightness":0,"sepiaEnabled":false,"grayscaleEnabled":false,"shadowEnabled":false,"shadowBlur":5,"shadowOffsetX":0,"shadowOffsetY":0,"shadowColor":"black","shadowOpacity":1,"visible":true,"draggable":true,"selectable":true,"contentEditable":true,"styleEditable":true,"alwaysOnTop":false,"showInExport":true,"text":"INTRO TO DANCE WORKSHOP","placeholder":"","fontSize":70,"fontFamily":"Patrick Hand","fontStyle":"normal","fontWeight":"bold","textDecoration":"","fill":"rgba(83,26,96,1)","align":"center","width":800,"height":85,"verticalAlign":"middle","strokeWidth":0,"stroke":"black","lineHeight":1.2,"letterSpacing":0},{"id":"KxalOfn2Uj","type":"text","name":"","x":1.561924987732894,"y":504.4844878656596,"rotation":0,"opacity":1,"blurEnabled":false,"blurRadius":10,"brightnessEnabled":false,"brightness":0,"sepiaEnabled":false,"grayscaleEnabled":false,"shadowEnabled":false,"shadowBlur":5,"shadowOffsetX":0,"shadowOffsetY":0,"shadowColor":"black","shadowOpacity":0.5499999999999999,"visible":true,"draggable":true,"selectable":true,"contentEditable":true,"styleEditable":true,"alwaysOnTop":false,"showInExport":true,"text":"The Dancehouse San Diego","placeholder":"","fontSize":65,"fontFamily":"Patrick Hand","fontStyle":"normal","fontWeight":"normal","textDecoration":"","fill":"rgba(83,26,96,1)","align":"center","width":800,"height":79,"verticalAlign":"middle","strokeWidth":0,"stroke":"black","lineHeight":1.2,"letterSpacing":0},{"id":"jSFG2kaw7W","type":"text","name":"","x":-4.500000000000114,"y":587.2557611030154,"rotation":0,"opacity":1,"blurEnabled":false,"blurRadius":10,"brightnessEnabled":false,"brightness":0,"sepiaEnabled":false,"grayscaleEnabled":false,"shadowEnabled":false,"shadowBlur":5,"shadowOffsetX":0,"shadowOffsetY":0,"shadowColor":"black","shadowOpacity":0.5499999999999999,"visible":true,"draggable":true,"selectable":true,"contentEditable":true,"styleEditable":true,"alwaysOnTop":false,"showInExport":true,"text":"Friday, August 19 at 5PM","placeholder":"","fontSize":65,"fontFamily":"Patrick Hand","fontStyle":"normal","fontWeight":"normal","textDecoration":"","fill":"rgba(83,26,96,1)","align":"center","width":809,"height":79,"verticalAlign":"middle","strokeWidth":0,"stroke":"black","lineHeight":1.2,"letterSpacing":0},{"id":"6ngVOmR3sA","type":"text","name":"","x":335.31306791142435,"y":734.8269465520956,"rotation":0,"opacity":1,"blurEnabled":false,"blurRadius":10,"brightnessEnabled":false,"brightness":0,"sepiaEnabled":false,"grayscaleEnabled":false,"shadowEnabled":false,"shadowBlur":5,"shadowOffsetX":0,"shadowOffsetY":0,"shadowColor":"black","shadowOpacity":0.5499999999999999,"visible":true,"draggable":true,"selectable":true,"contentEditable":true,"styleEditable":true,"alwaysOnTop":false,"showInExport":true,"text":"Kaycee Smith","placeholder":"","fontSize":30,"fontFamily":"Patrick Hand","fontStyle":"normal","fontWeight":"normal","textDecoration":"","fill":"rgba(83,26,96,1)","align":"center","width":148,"height":37,"verticalAlign":"middle","strokeWidth":0,"stroke":"black","lineHeight":1.2,"letterSpacing":0},{"id":"lKLxhnGKfU","type":"text","name":"","x":79.06192498773282,"y":684.2192844362625,"rotation":0,"opacity":1,"blurEnabled":false,"blurRadius":10,"brightnessEnabled":false,"brightness":0,"sepiaEnabled":false,"grayscaleEnabled":false,"shadowEnabled":false,"shadowBlur":5,"shadowOffsetX":0,"shadowOffsetY":0,"shadowColor":"black","shadowOpacity":0.5499999999999999,"visible":true,"draggable":true,"selectable":true,"contentEditable":true,"styleEditable":true,"alwaysOnTop":false,"showInExport":true,"text":"Come join us for a fun, beginner-friendly dance workshop!","placeholder":"","fontSize":30,"fontFamily":"Patrick Hand","fontStyle":"normal","fontWeight":"normal","textDecoration":"","fill":"rgba(83,26,96,1)","align":"center","width":645,"height":37,"verticalAlign":"middle","strokeWidth":0,"stroke":"black","lineHeight":1.2,"letterSpacing":0},{"id":"PgsiPjRyem","type":"image","name":"","x":-45.39013746039156,"y":176.96543343784944,"rotation":0,"opacity":1,"blurEnabled":false,"blurRadius":10,"brightnessEnabled":true,"brightness":-0.14,"sepiaEnabled":false,"grayscaleEnabled":false,"shadowEnabled":false,"shadowBlur":5,"shadowOffsetX":0,"shadowOffsetY":0,"shadowColor":"black","shadowOpacity":1,"visible":true,"draggable":true,"selectable":true,"contentEditable":true,"styleEditable":true,"alwaysOnTop":false,"showInExport":true,"width":294.307166716409,"height":294.30716671640914,"src":"./elements/f16.png","cropX":0,"cropY":0,"cropWidth":0.9999999999999993,"cropHeight":1,"cornerRadius":0,"flipX":false,"flipY":false,"clipSrc":"","borderColor":"black","borderSize":0},{"id":"zBiOOy9IlU","type":"image","name":"","x":539.0191174133716,"y":185.79299331814107,"rotation":0,"opacity":1,"blurEnabled":false,"blurRadius":10,"brightnessEnabled":true,"brightness":-0.14,"sepiaEnabled":false,"grayscaleEnabled":false,"shadowEnabled":false,"shadowBlur":5,"shadowOffsetX":0,"shadowOffsetY":0,"shadowColor":"black","shadowOpacity":1,"visible":true,"draggable":true,"selectable":true,"contentEditable":true,"styleEditable":true,"alwaysOnTop":false,"showInExport":true,"width":276.6520469558258,"height":276.6520469558259,"src":"./elements/f29.png","cropX":0,"cropY":0,"cropWidth":0.9999999999999993,"cropHeight":0.9999999999999996,"cornerRadius":0,"flipX":false,"flipY":false,"clipSrc":"","borderColor":"black","borderSize":0}],"width":"auto","height":"auto","background":"#7d79ae","bleed":0}],"unit":"px","dpi":72}