{"width":800,"height":800,"fonts":[],"pages":[{"id":"d8Wd3ftJVW","children":[{"id":"GFvw2fkAXi","type":"image","name":"","x":150.54095826893365,"y":6.182380216383336,"rotation":0,"opacity":1,"blurEnabled":false,"blurRadius":10,"brightnessEnabled":false,"brightness":0,"sepiaEnabled":false,"grayscaleEnabled":false,"shadowEnabled":false,"shadowBlur":5,"shadowOffsetX":0,"shadowOffsetY":0,"shadowColor":"black","shadowOpacity":1,"visible":true,"draggable":true,"selectable":true,"contentEditable":true,"styleEditable":true,"alwaysOnTop":false,"showInExport":true,"width":800,"height":800,"src":"./photos/dance/f1.png","cropX":0,"cropY":0,"cropWidth":1,"cropHeight":1,"cornerRadius":0,"flipX":false,"flipY":false,"clipSrc":"","borderColor":"black","borderSize":0},{"id":"yw4ikvChlT","type":"image","name":"","x":6.903282102651173,"y":6.182380216384732,"rotation":0,"opacity":1,"blurEnabled":false,"blurRadius":10,"brightnessEnabled":false,"brightness":0,"sepiaEnabled":false,"grayscaleEnabled":false,"shadowEnabled":false,"shadowBlur":5,"shadowOffsetX":0,"shadowOffsetY":0,"shadowColor":"black","shadowOpacity":1,"visible":true,"draggable":true,"selectable":true,"contentEditable":true,"styleEditable":true,"alwaysOnTop":false,"showInExport":true,"width":793.096717897349,"height":793.8176197836158,"src":"./photos/dance/f1.png","cropX":0,"cropY":0,"cropWidth":0.6653951751078736,"cropHeight":1,"cornerRadius":0,"flipX":false,"flipY":false,"clipSrc":"","borderColor":"black","borderSize":0},{"id":"X7546WY_iY","type":"image","name":"","x":-1.2364760432766075,"y":9.543205288936725e-14,"rotation":0,"opacity":1,"blurEnabled":false,"blurRadius":10,"brightnessEnabled":false,"brightness":0,"sepiaEnabled":false,"grayscaleEnabled":false,"shadowEnabled":false,"shadowBlur":5,"shadowOffsetX":0,"shadowOffsetY":0,"shadowColor":"black","shadowOpacity":1,"visible":true,"draggable":true,"selectable":true,"contentEditable":true,"styleEditable":true,"alwaysOnTop":false,"showInExport":true,"width":797.2364760432891,"height":798.7635239567256,"src":"./photos/dance/f10.png","cropX":0.2749925985541032,"cropY":1.0668809846247812e-17,"cropWidth":0.6495371932637637,"cropHeight":0.9771491502243815,"cornerRadius":0,"flipX":false,"flipY":false,"clipSrc":"","borderColor":"black","borderSize":0},{"id":"pGQpQ7181C","type":"text","name":"","x":97.54095826893374,"y":4.7326120556426865,"rotation":0,"opacity":1,"blurEnabled":false,"blurRadius":10,"brightnessEnabled":false,"brightness":0,"sepiaEnabled":false,"grayscaleEnabled":false,"shadowEnabled":false,"shadowBlur":5,"shadowOffsetX":0,"shadowOffsetY":0,"shadowColor":"black","shadowOpacity":1,"visible":true,"draggable":true,"selectable":true,"contentEditable":true,"styleEditable":true,"alwaysOnTop":false,"showInExport":true,"text":"Intro to Dance Workshop","placeholder":"","fontSize":80,"fontFamily":"Permanent Marker","fontStyle":"normal","fontWeight":"normal","textDecoration":"","fill":"rgba(212,24,24,1)","align":"center","width":634,"height":193,"verticalAlign":"middle","strokeWidth":0,"stroke":"black","lineHeight":1.2,"letterSpacing":0},{"id":"t1ozlZjQt7","type":"text","name":"","x":5.000000000000075,"y":208.33384853168576,"rotation":0,"opacity":1,"blurEnabled":false,"blurRadius":10,"brightnessEnabled":false,"brightness":0,"sepiaEnabled":false,"grayscaleEnabled":false,"shadowEnabled":false,"shadowBlur":5,"shadowOffsetX":0,"shadowOffsetY":0,"shadowColor":"black","shadowOpacity":1,"visible":true,"draggable":true,"selectable":true,"contentEditable":true,"styleEditable":true,"alwaysOnTop":false,"showInExport":true,"text":"The Dancehouse San Diego","placeholder":"","fontSize":40,"fontFamily":"Bungee","fontStyle":"normal","fontWeight":"normal","textDecoration":"","fill":"rgba(212,24,24,1)","align":"center","width":795,"height":49,"verticalAlign":"middle","strokeWidth":0,"stroke":"black","lineHeight":1.2,"letterSpacing":0},{"id":"3EC1IzJHrk","type":"text","name":"","x":81.54095826893374,"y":257.33384853168576,"rotation":0,"opacity":1,"blurEnabled":false,"blurRadius":10,"brightnessEnabled":false,"brightness":0,"sepiaEnabled":false,"grayscaleEnabled":false,"shadowEnabled":false,"shadowBlur":5,"shadowOffsetX":0,"shadowOffsetY":0,"shadowColor":"black","shadowOpacity":1,"visible":true,"draggable":true,"selectable":true,"contentEditable":true,"styleEditable":true,"alwaysOnTop":false,"showInExport":true,"text":"Friday, August 19 at 5PM","placeholder":"","fontSize":40,"fontFamily":"Bungee","fontStyle":"normal","fontWeight":"normal","textDecoration":"","fill":"rgba(170,58,234,1)","align":"center","width":666,"height":49,"verticalAlign":"middle","strokeWidth":0,"stroke":"black","lineHeight":1.2,"letterSpacing":0},{"id":"-rzxJj5SMr","type":"svg","name":"","x":840.0000000001021,"y":352.20556414220164,"rotation":89.9999999999999,"opacity":1,"blurEnabled":false,"blurRadius":10,"brightnessEnabled":false,"brightness":0,"sepiaEnabled":false,"grayscaleEnabled":false,"shadowEnabled":false,"shadowBlur":5,"shadowOffsetX":0,"shadowOffsetY":0,"shadowColor":"black","shadowOpacity":1,"visible":true,"draggable":true,"selectable":true,"contentEditable":true,"styleEditable":true,"alwaysOnTop":false,"showInExport":true,"src":"data:image/svg+xml;base64,PHN2ZyB4bWxucz0iaHR0cDovL3d3dy53My5vcmcvMjAwMC9zdmciIHZpZXdCb3g9IjAgMCA2MCA2MCI+PHJlY3QgeD0iMCIgeT0iMCIgd2lkdGg9IjYwIiBoZWlnaHQ9IjYwIiBmaWxsPSJyZ2IoMCwgMTYxLCAyNTUpIiAvPjwvc3ZnPg==","maskSrc":"","cropX":0,"cropY":0,"cropWidth":1,"cropHeight":1,"keepRatio":false,"flipX":false,"flipY":false,"width":273.0456329611149,"height":35.959041731167396,"borderColor":"black","borderSize":0,"colorsReplace":{"rgb(0, 161, 255)":"linear-gradient(0deg,rgba(0,0,0,1),rgba(0,0,0,1))"}},{"id":"xSiAeFT8YQ","type":"svg","name":"","x":2.903282102660549,"y":619.7712898390154,"rotation":0,"opacity":1,"blurEnabled":false,"blurRadius":10,"brightnessEnabled":false,"brightness":0,"sepiaEnabled":false,"grayscaleEnabled":false,"shadowEnabled":false,"shadowBlur":5,"shadowOffsetX":0,"shadowOffsetY":0,"shadowColor":"black","shadowOpacity":1,"visible":true,"draggable":true,"selectable":true,"contentEditable":true,"styleEditable":true,"alwaysOnTop":false,"showInExport":true,"src":"data:image/svg+xml;base64,PHN2ZyB4bWxucz0iaHR0cDovL3d3dy53My5vcmcvMjAwMC9zdmciIHZpZXdCb3g9IjAgMCA2MCA2MCI+PHJlY3QgeD0iMCIgeT0iMCIgd2lkdGg9IjYwIiBoZWlnaHQ9IjYwIiBmaWxsPSJyZ2IoMCwgMTYxLCAyNTUpIiAvPjwvc3ZnPg==","maskSrc":"","cropX":0,"cropY":0,"cropWidth":1,"cropHeight":1,"keepRatio":false,"flipX":false,"flipY":false,"width":793.0967185696744,"height":101.45609506197633,"borderColor":"black","borderSize":0,"colorsReplace":{"rgb(0, 161, 255)":"linear-gradient(0deg,rgba(0,0,0,1),rgba(255,0,0,1))"}},{"id":"ApdWFSy5BE","type":"text","name":"","x":118.04095826893371,"y":615.8223140495869,"rotation":0,"opacity":1,"blurEnabled":false,"blurRadius":10,"brightnessEnabled":false,"brightness":0,"sepiaEnabled":false,"grayscaleEnabled":false,"shadowEnabled":false,"shadowBlur":5,"shadowOffsetX":0,"shadowOffsetY":0,"shadowColor":"black","shadowOpacity":1,"visible":true,"draggable":true,"selectable":true,"contentEditable":true,"styleEditable":true,"alwaysOnTop":false,"showInExport":true,"text":"Kaycee Smith","placeholder":"","fontSize":50,"fontFamily":"Bungee","fontStyle":"normal","fontWeight":"normal","textDecoration":"","fill":"rgba(0,0,0,1)","align":"center","width":593,"height":61,"verticalAlign":"middle","strokeWidth":0,"stroke":"black","lineHeight":1.2,"letterSpacing":0},{"id":"kyE1Y4laqI","type":"svg","name":"","x":5.000000000000081,"y":683.3879443585829,"rotation":0,"opacity":1,"blurEnabled":false,"blurRadius":10,"brightnessEnabled":false,"brightness":0,"sepiaEnabled":false,"grayscaleEnabled":false,"shadowEnabled":false,"shadowBlur":5,"shadowOffsetX":0,"shadowOffsetY":0,"shadowColor":"black","shadowOpacity":1,"visible":true,"draggable":true,"selectable":true,"contentEditable":true,"styleEditable":true,"alwaysOnTop":false,"showInExport":true,"src":"data:image/svg+xml;base64,PHN2ZyB4bWxucz0iaHR0cDovL3d3dy53My5vcmcvMjAwMC9zdmciIHZpZXdCb3g9IjAgMCA2MCA2MCI+PHJlY3QgeD0iMCIgeT0iMCIgd2lkdGg9IjYwIiBoZWlnaHQ9IjYwIiBmaWxsPSJyZ2IoMCwgMTYxLCAyNTUpIiAvPjwvc3ZnPg==","maskSrc":"","cropX":0,"cropY":0,"cropWidth":1,"cropHeight":1,"keepRatio":false,"flipX":false,"flipY":false,"width":791.0000012602317,"height":116.61215362256974,"borderColor":"black","borderSize":0,"colorsReplace":{"rgb(0, 161, 255)":"rgba(0,0,0,1)"}},{"id":"kVA4KaxTNA","type":"text","name":"","x":65.04095826893399,"y":688.3879443585776,"rotation":0,"opacity":1,"blurEnabled":false,"blurRadius":10,"brightnessEnabled":false,"brightness":0,"sepiaEnabled":false,"grayscaleEnabled":false,"shadowEnabled":false,"shadowBlur":5,"shadowOffsetX":0,"shadowOffsetY":0,"shadowColor":"black","shadowOpacity":1,"visible":true,"draggable":true,"selectable":true,"contentEditable":true,"styleEditable":true,"alwaysOnTop":false,"showInExport":true,"text":"Come join us for a fun, beginner-friendly dance workshop!","placeholder":"","fontSize":35,"fontFamily":"Bungee","fontStyle":"normal","fontWeight":"normal","textDecoration":"","fill":"rgba(212,24,24,1)","align":"center","width":699,"height":85,"verticalAlign":"middle","strokeWidth":0,"stroke":"black","lineHeight":1.2,"letterSpacing":0}],"width":"auto","height":"auto","background":"#f3f3f3","bleed":0}],"unit":"px","dpi":72}